RPM,WindMagnitude,AngleDegrees,AzimuthAngle,Fx,Fy,Fz,Qx,Qy,Qz
45,0,-20,0.0,2.170486013142181e-13,-1.1854961456947422e-12,4142.7940887860395,-3.993250174971763e-12,-6.210143510543276e-12,-1381.9931036079743
45,0,-20,36.0,1.1396109750316796e-12,-1.2084777623044829e-12,4142.794088786035,2.0983215165415459e-13,-6.142641950646066e-12,-1381.9931036079734
45,0,-20,72.0,2.344680005705868e-12,-8.79296635503124e-14,4142.794088786039,1.4949819160392508e-11,-3.728573005901126e-12,-1381.9931036079727
45,0,-20,108.0,8.293365993949919e-13,3.566036355096003e-13,4142.7940887860495,4.54036808150704e-12,-3.917755009297252e-12,-1381.993103607978
45,0,-20,144.0,1.085576073478478e-12,8.071321389024888e-13,4142.794088786047,1.283240180782741e-11,1.6155965454345278e-12,-1381.993103607977
45,0,-20,180.0,5.150324611236101e-13,-2.0872192862952943e-14,4142.794088786045,1.4415135751733033e-11,-5.9543481256696396e-12,-1381.9931036079774
45,0,-20,216.0,-2.8543140073722384e-13,-3.5271785492341223e-13,4142.7940887860495,8.211653579337508e-12,3.844036200462142e-12,-1381.993103607979
45,0,-20,252.0,1.2252421299763228e-12,-2.2426505097428162e-14,4142.7940887860495,1.2120082715227909e-11,8.65796323523682e-12,-1381.9931036079784
45,0,-20,288.0,1.1364242880063102e-12,1.6686652060116103e-13,4142.7940887860495,7.613465413669473e-12,1.5297985100914957e-11,-1381.9931036079765
45,0,-20,324.0,1.3112844143847724e-12,8.514300375850326e-13,4142.79408878604,4.437339384821826e-12,2.105515761741117e-11,-1381.993103607975
45,0,-15,0.0,6.040723476985477e-13,2.814415367424772e-12,4142.7940887860495,-1.3164580536795256e-11,3.33351124481851e-11,-1381.9931036079772
45,0,-15,36.0,-6.670115848539382e-13,3.1062930005987255e-12,4142.794088786039,-2.1833423957673403e-11,2.8101965199311962e-11,-1381.9931036079747
45,0,-15,72.0,-1.7641443861293737e-13,9.030554082301023e-13,4142.794088786039,-1.0613732115416497e-11,1.2612133559741778e-13,-1381.9931036079743
45,0,-15,108.0,1.2578826869003024e-13,1.8743340213234205e-12,4142.794088786038,-3.268496584496461e-12,8.029132914089132e-12,-1381.9931036079743
45,0,-15,144.0,6.835643162617089e-13,1.4022116801015727e-12,4142.794088786041,1.2157386208855314e-11,6.154188270102168e-12,-1381.9931036079765
45,0,-15,180.0,-2.2248869413488137e-13,2.6256774532384952e-12,4142.794088786039,9.240608278560103e-12,2.7640112421067897e-11,-1381.9931036079754
45,0,-15,216.0,-1.8107841615044862e-12,4.2721381987576024e-13,4142.794088786047,-1.5758061522319622e-11,3.1228353236656403e-12,-1381.9931036079784
45,0,-15,252.0,-6.581402089977928e-13,-1.1078915562734437e-12,4142.794088786048,-6.156852805361268e-12,-1.148947603724082e-11,-1381.993103607977
45,0,-15,288.0,2.795541576006144e-13,2.7344793096517606e-13,4142.794088786044,4.46931380793103e-12,1.084998757505673e-11,-1381.9931036079772
45,0,-15,324.0,6.06736882957648e-13,-1.3217205108162489e-13,4142.794088786046,6.192379942149273e-12,4.870770453635487e-12,-1381.9931036079788
45,0,-10,0.0,9.992007221626409e-14,2.2315482794965646e-14,4142.794088786055,-8.880007840161852e-12,1.3287149158713873e-12,-1381.993103607982
45,0,-10,36.0,-5.640574812781907e-13,-1.2581047315052274e-12,4142.794088786063,-1.1896039708858552e-11,-2.3739232801744947e-11,-1381.9931036079838
45,0,-10,72.0,1.336819543951151e-12,-1.8849366512085908e-12,4142.794088786071,7.73070496506989e-12,-3.447553353908006e-11,-1381.993103607987
45,0,-10,108.0,1.5969447986208252e-12,-4.34485780687055e-13,4142.794088786078,1.8044232774627744e-11,-1.779465463869201e-11,-1381.9931036079893
45,0,-10,144.0,2.851718861052177e-12,7.221445663674331e-13,4142.794088786081,3.823785732492979e-11,2.2222224060897133e-12,-1381.9931036079902
45,0,-10,180.0,1.417754802446325e-12,1.762034962382586e-12,4142.794088786076,2.8427038500922208e-11,1.4914292023604503e-11,-1381.993103607989
45,0,-10,216.0,8.196585771225173e-13,1.8732793094500266e-12,4142.794088786069,2.4444002377776997e-11,2.2186696924109128e-11,-1381.9931036079852
45,0,-10,252.0,2.9976021664879227e-14,1.5929479957321746e-12,4142.794088786079,6.7910121970271575e-12,2.4551027877350862e-11,-1381.9931036079884
45,0,-10,288.0,-1.527777904186678e-12,1.9313994847891536e-12,4142.794088786068,-1.9472423673505546e-11,3.5000446985122835e-11,-1381.9931036079856
45,0,-10,324.0,-1.2078116284897078e-12,-3.7087000137603354e-13,4142.794088786074,-2.319211489520967e-11,7.888800723776512e-12,-1381.9931036079881
45,0,-5,0.0,-1.1958212198237561e-12,-8.104628079763643e-13,4142.79408878608,-2.8895996706523874e-11,-5.552891479965183e-12,-1381.99310360799
45,0,-5,36.0,-1.2200119386962527e-12,-2.7787772083343043e-12,4142.794088786078,-2.8681501618166294e-11,-4.338218673183292e-11,-1381.993103607989
45,0,-5,72.0,2.296607348739599e-12,-3.4169334028888443e-12,4142.794088786094,1.587885378739884e-11,-4.945199805206357e-11,-1381.9931036079945
45,0,-5,108.0,2.9146685065484235e-12,2.7144952952085077e-14,4142.794088786092,3.075939503105474e-11,-1.3845813384705252e-11,-1381.9931036079934
45,0,-5,144.0,3.361311229355124e-12,1.4715451079894137e-12,4142.794088786091,4.597211500367848e-11,6.0467186813184526e-12,-1381.9931036079938
45,0,-5,180.0,1.0850209619661655e-12,1.8111068200710179e-12,4142.794088786086,2.4716229063415085e-11,9.208633855450898e-12,-1381.9931036079915
45,0,-5,216.0,-1.1540594868630905e-13,7.7982065249671e-13,4142.79408878609,1.3845591340100327e-11,6.465938895416912e-13,-1381.9931036079934
45,0,-5,252.0,-4.898303984646191e-13,1.1723955140041653e-12,4142.794088786095,5.5351279115711804e-12,1.723421405586123e-11,-1381.9931036079947
45,0,-5,288.0,-1.9630963521422018e-12,8.026912468039882e-13,4142.794088786081,-1.5976553413565853e-11,1.9741541734674684e-11,-1381.9931036079904
45,0,-5,324.0,-4.777289674962049e-13,-1.2437273433363316e-12,4142.794088786085,-8.5087492607272e-12,2.26929586233382e-12,-1381.9931036079918
45,0,0,0.0,-8.412159857584811e-13,-1.1308731728831845e-12,4142.794088786096,-2.4128254949573602e-11,-5.8548721426632255e-12,-1381.9931036079947
45,0,0,36.0,-1.3289022660067928e-13,-2.238764729156628e-12,4142.7940887861,-1.496180956905846e-11,-3.5857539160133456e-11,-1381.9931036079965
45,0,0,72.0,2.713052005276495e-12,-1.9916290838750683e-12,4142.794088786103,1.809041805245215e-11,-3.680789006921259e-11,-1381.9931036079977
45,0,0,108.0,3.4897640333042546e-12,1.0417777751570156e-12,4142.7940887861005,3.8411940295191016e-11,-6.036948718701751e-12,-1381.993103607997
45,0,0,144.0,2.8638202920205913e-12,3.3610336735989677e-12,4142.794088786109,3.8181013906068983e-11,2.7423396886661067e-11,-1381.993103608
45,0,0,180.0,4.007905118896815e-14,3.38717942582889e-12,4142.794088786101,1.0903278280238737e-11,2.6208368808511295e-11,-1381.993103607998
45,0,0,216.0,-9.714919840808633e-13,1.6179280137862406e-12,4142.7940887861,9.474643292151086e-13,1.105959768210596e-11,-1381.9931036079963
45,0,0,252.0,-1.567190821560871e-12,1.2114753644709708e-12,4142.794088786106,-8.233413950620161e-12,1.0702549957386509e-11,-1381.9931036079981
45,0,0,288.0,-2.581712621463339e-12,5.362932320451819e-13,4142.7940887861005,-2.5213608978447155e-11,7.544187496932864e-12,-1381.993103607996
45,0,0,324.0,-1.2938539128981574e-12,-1.883493361276578e-12,4142.794088786096,-1.920952286127431e-11,-1.3508305585219205e-11,-1381.9931036079963
45,0,5,0.0,-6.401545959988653e-13,-1.8847146066036657e-12,4142.794088786109,-1.566924368034961e-11,-1.6562751170567935e-11,-1381.9931036079993
45,0,5,36.0,-2.5687958704612157e-13,-3.211431121030728e-12,4142.794088786107,-1.0944356532149868e-11,-4.517985985330597e-11,-1381.9931036079981
45,0,5,72.0,3.1312730186527915e-12,-3.0382363291892034e-12,4142.79408878611,2.823163924858818e-11,-4.437694656189706e-11,-1381.9931036079997
45,0,5,108.0,4.41324754518746e-12,8.339440249471863e-13,4142.794088786102,5.288569582262426e-11,-3.2249758419311547e-12,-1381.9931036079986
45,0,5,144.0,4.3461900745001e-12,3.778422019706795e-12,4142.794088786108,5.7692517430041335e-11,3.881073240563637e-11,-1381.9931036079984
45,0,5,180.0,1.0612621892391871e-12,4.020006549865229e-12,4142.794088786098,1.8397727785668394e-11,4.361666583463375e-11,-1381.9931036079959
45,0,5,216.0,-1.222228915298551e-12,2.4791280139879746e-12,4142.794088786096,-5.165867733580853e-12,2.8705926524708048e-11,-1381.9931036079945
45,0,5,252.0,-1.887601186467691e-12,1.5083490012557377e-12,4142.794088786099,-1.943689653671754e-11,2.397015919086698e-11,-1381.9931036079959
45,0,5,288.0,-3.1917801734948625e-12,7.533973445106312e-13,4142.794088786094,-4.04440925194649e-11,1.0750511592050316e-11,-1381.9931036079945
45,0,5,324.0,-1.1548539902150878e-12,-2.357336548186595e-12,4142.794088786096,-1.8381740574113792e-11,-2.4149571231646405e-11,-1381.993103607995
45,0,10,0.0,-6.777911565336581e-13,-2.1479484857422904e-12,4142.7940887861005,-1.7271517549488635e-11,-2.4783730623312294e-11,-1381.9931036079972
45,0,10,36.0,3.941187654010747e-13,-2.7883251263460807e-12,4142.794088786102,2.369215934550084e-13,-4.453326596376428e-11,-1381.9931036079975
45,0,10,72.0,3.753997113165042e-12,-2.3931967518819874e-12,4142.794088786105,4.0401459955319297e-11,-3.8252068179644994e-11,-1381.993103607999
45,0,10,108.0,4.695799304954562e-12,1.5276668818842154e-12,4142.794088786103,6.295053367466608e-11,8.686384944667225e-12,-1381.9931036079995
45,0,10,144.0,4.050093593832571e-12,4.716838031271209e-12,4142.794088786111,5.45981038158061e-11,5.381384227121089e-11,-1381.993103608
45,0,10,180.0,2.958744360626042e-13,4.421907284779536e-12,4142.794088786109,1.1510792319313623e-11,5.009326287108706e-11,-1381.9931036079995
45,0,10,216.0,-1.7731562745870733e-12,2.773337115513641e-12,4142.794088786101,-1.3022694034248161e-11,3.233679990444216e-11,-1381.9931036079965
45,0,10,252.0,-2.681410649074678e-12,1.429634188809814e-12,4142.794088786108,-2.7069901875620417e-11,1.809397076613095e-11,-1381.993103607999
45,0,10,288.0,-3.7247982476174e-12,-1.3700152123874432e-13,4142.7940887861,-4.745714932141709e-11,2.433608869978343e-13,-1381.9931036079965
45,0,10,324.0,-1.9085844016331066e-12,-2.9000135626233714e-12,4142.7940887861,-3.19033688356285e-11,-3.006661586368864e-11,-1381.993103607996
45,0,15,0.0,-7.078782005009998e-13,-3.2777114356008497e-12,4142.794088786108,-2.2010837597008504e-11,-3.97335497837048e-11,-1381.9931036079984
45,0,15,36.0,3.28202742760908e-13,-4.351075055808451e-12,4142.794088786104,-3.2445157671645575e-12,-6.692957299492264e-11,-1381.9931036079988
45,0,15,72.0,4.512723528193874e-12,-3.534172954289261e-12,4142.79408878611,4.899902705801651e-11,-5.6353144373133546e-11,-1381.9931036080006
45,0,15,108.0,5.846323425373612e-12,1.361355472795367e-12,4142.794088786105,7.564437964902027e-11,3.1965541325007507e-12,-1381.9931036079995
45,0,15,144.0,4.602984660095899e-12,4.885591931014233e-12,4142.794088786115,6.463451995841751e-11,5.511680001291097e-11,-1381.9931036080015
45,0,15,180.0,3.985700658404312e-13,4.540923193019353e-12,4142.794088786107,1.2843059948863811e-11,5.276135084386624e-11,-1381.9931036079986
45,0,15,216.0,-2.2693201484624836e-12,2.657096764835387e-12,4142.794088786105,-1.942179750358264e-11,3.167954787386407e-11,-1381.9931036079981
45,0,15,252.0,-3.082312183266822e-12,1.1267653476920714e-12,4142.79408878611,-3.724842656538385e-11,1.7985612998927536e-11,-1381.9931036079993
45,0,15,288.0,-4.04032363121587e-12,-2.7150504067208203e-13,4142.794088786099,-5.420730531113804e-11,-2.7391422463551862e-12,-1381.9931036079963
45,0,15,324.0,-1.8377521726620216e-12,-3.2124858329041217e-12,4142.794088786097,-2.9110935884091305e-11,-3.412559124171821e-11,-1381.9931036079952
45,0,20,0.0,-7.210898544940392e-13,-3.1614710849225958e-12,4142.794088786102,-2.1008972339586762e-11,-4.0952130575533374e-11,-1381.993103607996
45,0,20,36.0,6.406646047008024e-13,-3.878453114225522e-12,4142.794088786103,3.426370298598158e-12,-6.355094228638336e-11,-1381.9931036079975
45,0,20,72.0,4.463762692807904e-12,-3.0263569428257142e-12,4142.794088786108,4.9739767860046413e-11,-4.934008757118136e-11,-1381.993103608
45,0,20,108.0,5.469735775420759e-12,1.4868661857292409e-12,4142.794088786108,7.365841270257079e-11,5.262457136723242e-12,-1381.9931036079981
45,0,20,144.0,4.378608586819155e-12,4.8595016899355414e-12,4142.794088786115,5.988098905618244e-11,5.5861981707039376e-11,-1381.9931036080006
45,0,20,180.0,3.8491432263754177e-13,4.64805971489568e-12,4142.794088786108,1.1244338793403585e-11,5.2594373300962616e-11,-1381.993103607999
45,0,20,216.0,-2.0895819796695747e-12,3.1187274984745272e-12,4142.794088786103,-1.8956614056264698e-11,3.6283864801589516e-11,-1381.9931036079984
45,0,20,252.0,-3.1613600626201332e-12,1.5356604876615165e-12,4142.794088786112,-3.510436386022775e-11,1.8449242134011e-11,-1381.9931036080002
45,0,20,288.0,-4.1774361747570765e-12,-3.276268145668837e-13,4142.794088786106,-5.281819426272705e-11,-3.4559022310531873e-12,-1381.9931036079977
45,0,20,324.0,-1.691202733411501e-12,-3.0694891073324015e-12,4142.7940887861005,-2.8350655156827997e-11,-3.1737279471144575e-11,-1381.9931036079968
45,2,-20,0.0,19.995328548600884,-1.1582925444558083,3960.2843342451656,168.78409098901832,7.109211464763703,-1322.184349953891
45,2,-20,36.0,20.037952275802986,-1.0228180024687556,3975.984720168392,169.62345439286847,8.274319802207366,-1327.321726916377
45,2,-20,72.0,20.108000479940188,-1.2898288278241634,3985.764760973592,170.23369106292404,6.737422890671796,-1330.5220724245864
45,2,-20,108.0,20.378116467505787,-1.2857374230953655,3985.764760973592,171.94982431897338,6.635288497577245,-1330.522072424586
45,2,-20,144.0,20.13988293737336,-1.0212740746306292,3975.9847201683997,170.27105248476866,8.235778483998994,-1327.32172691638
45,2,-20,180.0,19.67243802700336,-1.1631833168059367,3960.2843342451583,166.73266424023436,7.231300600617331,-1322.1843499538898
45,2,-20,216.0,19.610167741207842,-1.2909057477111827,3944.7504893256396,165.73373441611776,6.104302370164781,-1317.1018269607935
45,2,-20,252.0,19.505106265552143,-1.036274951491484,3935.2398691600188,164.8330421167189,7.546229590849446,-1313.9902207790515
45,2,-20,288.0,19.253897405211227,-1.0400799729103398,3935.2398691600106,163.23703188670876,7.641214951517338,-1313.990220779048
45,2,-20,324.0,19.51270501164645,-1.292382000476433,3944.750489325635,165.11452252520198,6.141154304821635,-1317.1018269607919
45,2,-15,0.0,20.688141645084748,-1.2071823715245507,4005.1857452670015,174.486115779047,7.338900464193284,-1336.8776677739627
45,2,-15,36.0,20.667966076334597,-1.0612210803960729,4021.2756252506215,174.81941251256796,8.539921918957209,-1342.143571116098
45,2,-15,72.0,20.702493747431664,-1.3390392944697473,4031.2746314234887,175.128802031346,6.913296015085688,-1345.4162449483874
45,2,-15,108.0,20.985225107379872,-1.3347568066643893,4031.274631423486,176.92508478272305,6.806391584440716,-1345.4162449483858
45,2,-15,144.0,20.775038554294085,-1.0595992702686399,4021.2756252506306,175.4996782084189,8.499436412606213,-1342.1435711161014
45,2,-15,180.0,20.346971343119883,-1.2123500248569987,4005.185745267007,172.31855173944786,7.467901424438956,-1336.8776677739645
45,2,-15,216.0,20.34704425454361,-1.3519906021931645,3989.219165519093,171.82049437437468,6.2947950124366905,-1331.6524992191817
45,2,-15,252.0,20.277483218388014,-1.0833321700840257,3979.4196303661247,171.21942718593112,7.8447500290768435,-1328.4457243891493
45,2,-15,288.0,20.00945899260028,-1.0873918912202372,3979.4196303661165,169.51658356143773,7.946093499679851,-1328.445724389147
45,2,-15,324.0,20.243447210726025,-1.3535597704596054,3989.219165519091,171.16230922314378,6.3339664116658545,-1331.65249921918
45,2,-10,0.0,21.231606203002737,-1.248079310545959,4051.078059184737,178.9212197852943,7.515490707101694,-1351.8983457984245
45,2,-10,36.0,21.14927134932482,-1.0937028829857955,4067.4333118924487,178.7474406471714,8.73541965461827,-1357.2522248263215
45,2,-10,72.0,21.147966685907697,-1.3783067923752368,4077.5742510222963,178.75352191828028,7.042597353933836,-1360.5720545071092
45,2,-10,108.0,21.43921708199361,-1.37389526805755,4077.574251022291,180.60392883075139,6.932471764142341,-1360.5720545071104
45,2,-10,144.0,21.259948975445777,-1.0920264662400583,4067.4333118924487,179.45061100226962,8.69357099453763,-1357.2522248263224
45,2,-10,180.0,20.876967131202562,-1.2534509732330752,4051.07805918473,176.6680843434185,7.6495843856613845,-1351.898345798423
45,2,-10,216.0,20.938902766075664,-1.4031029266452117,4034.8021154197154,176.67311016820094,6.446365332989348,-1346.570825755957
45,2,-10,252.0,20.90548841971199,-1.1241162201734385,4024.78948331467,176.37683690250657,8.082883251858348,-1343.2936395478594
45,2,-10,288.0,20.62429829589303,-1.1283753631131062,4024.789483314662,174.59034611717772,8.189204920967732,-1343.2936395478553
45,2,-10,324.0,20.83060247692367,-1.4047433342352567,4034.802115419709,175.98504379520213,6.48731509087905,-1346.570825755955
45,2,-5,0.0,21.618523416226505,-1.2803023197556997,4097.607788577594,182.03317100822474,7.636958130492072,-1367.1308683789355
45,2,-5,36.0,21.475260748681773,-1.1197598426284148,4114.102837600646,181.35577728977424,8.857749058829025,-1372.5316633189082
45,2,-5,72.0,21.438095096618945,-1.4068730005324634,4124.307953066778,181.05851313103187,7.123985282143888,-1375.873218669495
45,2,-5,108.0,21.73350934599553,-1.402398406978979,4124.307953066772,182.93537433511955,7.0122852848776684,-1375.8732186694956
45,2,-5,144.0,21.587897314130664,-1.1180537541345679,4114.102837600651,182.07139341291474,8.81515969812779,-1372.5316633189098
45,2,-5,180.0,21.255635826879672,-1.2857989214509478,4097.607788577592,179.72763009637796,7.774170681591027,-1367.130868378935
45,2,-5,216.0,21.378362440801133,-1.4433289736027146,4081.1476574599083,180.2335262917042,6.558211714468765,-1361.7419139532035
45,2,-5,252.0,21.381434065168794,-1.1580748867292021,4070.999038084509,180.24462639148322,8.2574813709049,-1358.4195156722026
45,2,-5,288.0,21.09112754988368,-1.1624721142285273,4070.999038084501,178.40021625561565,8.367250067038725,-1358.4195156721992
45,2,-5,324.0,21.26693288096588,-1.4450167797683793,4081.1476574599005,179.5255786612684,6.600344690585091,-1361.7419139532012
45,2,0,0.0,21.84275396091488,-1.3032109927211881,4144.418230194518,183.77477055330348,7.701627160414027,-1382.4585723977702
45,2,0,36.0,21.640330683710342,-1.1388595857310424,4160.927033279931,182.6014345048403,8.904736405331157,-1387.8650364122002
45,2,0,72.0,21.5675498496094,-1.424080153370262,4171.118453587206,182.00313220162184,7.156237611956884,-1391.2028280810446
45,2,0,108.0,21.862646252854667,-1.4196103741820807,4171.118453587201,183.8779740275838,7.04465779648253,-1391.202828081044
45,2,0,144.0,21.753220458276683,-1.1371496619173398,4160.927033279943,183.31865934648653,8.862051302958308,-1387.8650364122038
45,2,0,180.0,21.477088733341947,-1.3087496668689456,4144.418230194514,181.45158241747856,7.8398899729182645,-1382.4585723977696
45,2,0,216.0,21.658997686543596,-1.471864167079629,4127.89990186212,182.45196373496458,6.629420966278843,-1377.0494010331174
45,2,0,252.0,21.69859250611603,-1.184642655785297,4117.693082119204,182.7704772323657,8.366013875844823,-1373.7072324000217
45,2,0,288.0,21.403496102871095,-1.1891124349703517,4117.693082119185,180.89563540641447,8.477593691361005,-1373.7072324000183
45,2,0,324.0,21.546107911982293,-1.4735740908899846,4127.899901862113,181.7347388933791,6.672106068709971,-1377.049401033115
45,2,5,0.0,21.899361787307562,-1.316222439257174,4191.15225819219,184.10892633650263,7.708206286935493,-1397.7645574596536
45,2,5,36.0,21.640018844887027,-1.1504551347700085,4207.549281843661,182.45122809595742,8.875152495016007,-1403.135574921328
45,2,5,72.0,21.53213227397278,-1.4293894268365697,4217.649619482318,181.55644102312525,7.138279209700915,-1406.4442501386648
45,2,5,108.0,21.822438789258012,-1.4249921993341785,4217.649619482316,183.40085115899774,7.028510513607722,-1406.4442501386645
45,2,5,144.0,21.75144840472664,-1.1487673286012132,4207.549281843673,183.15917572644028,8.833019518958132,-1403.1355749213317
45,2,5,180.0,21.53647419796076,-1.3217190409516157,4191.15225819219,181.8033854246531,7.845418838043187,-1397.7645574596547
45,2,5,216.0,21.775480672391396,-1.4880343704612784,4174.701555561197,183.28798801630728,6.658977157550151,-1392.3763670447602
45,2,5,252.0,21.85134180755185,-1.2032543484439526,4164.514390864578,183.91149089822005,8.406623406462785,-1389.0399138211776
45,2,5,288.0,21.55592755817554,-1.2077289419948702,4164.514390864565,182.03462969414355,8.518323403760355,-1389.039913821173
45,2,5,324.0,21.662844106947166,-1.4897404589533672,4174.701555561194,182.5723718932216,6.701566518291703,-1392.3763670447581
45,2,10,0.0,21.78474981337102,-1.31882813489486,4237.455068516465,183.00965966658575,7.655822180804652,-1412.9325830888297
45,2,10,36.0,21.471135578253584,-1.1540012740572458,4253.616240084471,180.88275039138006,8.7687484937899,-1418.2274815589806
45,2,10,72.0,21.328903751085285,-1.422397432024178,4263.549175167813,179.69816390823698,7.069215387294648,-1421.4820155723476
45,2,10,108.0,21.610093874904557,-1.418138289080768,4263.54917516781,181.48465469356947,6.962893718235592,-1421.482015572346
45,2,10,144.0,21.579435867410055,-1.1523608664623375,4253.616240084477,181.57081676442786,8.727798735979128,-1418.2274815589842
45,2,10,180.0,21.430110741570417,-1.3241997975804711,4237.455068516463,180.75652422470202,7.789915859387687,-1412.9325830888286
45,2,10,216.0,21.723718864841185,-1.491314901794295,4221.19668639717,182.71153249327566,6.645783750745867,-1407.6062374791957
45,2,10,252.0,21.835306012991893,-1.21336045125993,4211.106502816943,183.63523460066023,8.37817122569627,-1404.3008339911205
45,2,10,288.0,21.544055616906412,-1.217771975574504,4211.106502816929,181.78482768820476,8.488296815527967,-1404.3008339911162
45,2,10,324.0,21.61304123872609,-1.4929913185371446,4221.196686397165,182.0083621382478,6.687632410872654,-1407.6062374791939
45,2,15,0.0,21.496783506043304,-1.3106102334925733,4282.976852737339,180.46301503640376,7.544051354346504,-1427.8479458747959
45,2,15,36.0,21.131885148745123,-1.1489725838480414,4298.780482852561,177.8852563601374,8.586272228301475,-1433.0267994389724
45,2,15,72.0,20.956305557821295,-1.4028503142233206,4308.471327252549,176.4195612608128,6.948370048916935,-1436.2026812186791
45,2,15,108.0,21.22432978360914,-1.3987905930839826,4308.471327252542,178.1224048853087,6.847026578354316,-1436.2026812186793
45,2,15,144.0,21.235482192566373,-1.1474034155771984,4298.780482852571,178.54344151140546,8.54710082914889,-1433.0267994389753
45,2,15,180.0,21.155613204077472,-1.3157778868234637,4282.9768527373435,178.29545099679353,7.673052314620357,-1427.847945874797
45,2,15,216.0,21.500983587976215,-1.4813467298535912,4267.033424174681,180.70384742176253,6.588698430071258,-1422.6236682551255
45,2,15,252.0,21.647486086947524,-1.2144436912066987,4257.116436149854,181.92070972385883,8.280271095383933,-1419.3743063486977
45,2,15,288.0,21.36475472699992,-1.2187261790100687,4257.116436149845,180.124426972494,8.387175526058632,-1419.374306348694
45,2,15,324.0,21.39391111002123,-1.4829685399801082,4267.033424174677,180.02358172597297,6.629183936450312,-1422.6236682551241
45,2,20,0.0,21.03489848639712,-1.2912568407946097,4327.3753817913985,176.4678445629651,7.372948365381287,-1442.3983301194496
45,2,20,36.0,20.62197302261873,-1.1348825837016174,4342.703050784692,173.46043457212346,8.329464377378251,-1447.4222519612033
45,2,20,72.0,20.41426508584061,-1.3706550150241519,4352.079288979581,171.7241913537811,6.775327349838882,-1450.495662906728
45,2,20,108.0,20.665473946181862,-1.3668499936011942,4352.079288979576,173.32020158379586,6.6803419892236136,-1450.4956629067262
45,2,20,144.0,20.719435752184037,-1.1334063309306979,4342.7030507847,174.07964646308344,8.292612442813928,-1447.4222519612063
45,2,20,180.0,20.712007964798183,-1.2961476131430048,4327.375381791399,174.41641781416757,7.495037501260153,-1442.3983301194462
45,2,20,216.0,21.106025669397848,-1.4579493569725244,4311.866578269359,177.25834565641946,6.4865795546979115,-1437.3154064071161
45,2,20,252.0,21.286377571762962,-1.20603635253939,4302.197326130691,178.75921355170473,8.113310530779634,-1434.14655023684
45,2,20,288.0,21.01626158419798,-1.2101277572653446,4302.197326130679,177.04308029567068,8.215444923907835,-1434.1465502368355
45,2,20,324.0,21.004095007833616,-1.4594932848085955,4311.866578269352,176.6107475645899,6.5251208729449655,-1437.3154064071125
45,4,-20,0.0,39.27397768100512,-2.1787300202127415,3779.8461181685557,331.9358551529301,13.832596893168319,-1262.9720691571222
45,4,-20,36.0,39.00783115800734,-1.6105046504212543,3811.4384724162123,331.612017522155,18.33637985209322,-1273.3012763322504
45,4,-20,72.0,39.03762386804512,-2.6634501309252148,3831.109342693126,331.9418596369253,12.098958141349105,-1279.7334566865952
45,4,-20,108.0,40.11808781830376,-2.6470845120249495,3831.1093426931193,338.8063926610499,11.690420568805727,-1279.7334566865945
45,4,-20,144.0,39.41555380427548,-1.6043289390964812,3811.4384724162187,334.20240988956607,18.182214578900556,-1273.3012763322536
45,4,-20,180.0,37.98241559461209,-2.1982931096363294,3779.846118168562,323.73014815770256,14.320953436320043,-1262.9720691571238
45,4,-20,216.0,38.20853020100976,-2.7378346594411664,3748.5722524032926,323.74076867627093,9.983442732996672,-1252.7484220195852
45,4,-20,252.0,38.10105371082688,-1.7381698394553935,3729.416630101299,322.7749349965004,15.863361422640434,-1246.4870144198792
45,4,-20,288.0,37.09621826946473,-1.7533899251274894,3729.416630101292,316.39089407650204,16.243302865345033,-1246.4870144198765
45,4,-20,324.0,37.81867928276227,-2.743739670487048,3748.57225240329,321.26392111263596,10.130850471776876,-1252.7484220195845
45,4,-15,0.0,40.90881173117776,-2.305769227740121,3870.151822180027,345.1628963403875,14.343649078080107,-1292.5016383726888
45,4,-15,36.0,40.502914641023786,-1.702316511326122,3902.478033568227,343.754390115919,19.03106732693974,-1303.0750707794264
45,4,-15,72.0,40.459995155336514,-2.8026741921974225,3922.558064061988,343.4656963700626,12.459616949963815,-1309.6437303698556
45,4,-15,108.0,41.59092059512615,-2.785544240986871,3922.5580640619823,350.65082737549955,12.031999227237193,-1309.6437303698553
45,4,-15,144.0,40.931204552852755,-1.6958292708378806,3902.4780335682335,346.47545289915195,18.8691253012326,-1303.075070779429
45,4,-15,180.0,39.54413052331535,-2.32643984108975,3870.1518221800243,336.4926401819102,14.859652918846145,-1292.5016383726881
45,4,-15,216.0,39.90924761489073,-2.9069992227406427,3838.055713051515,337.5762267630228,10.29811280889093,-1282.004986272519
45,4,-15,252.0,39.87614409735315,-1.8471461960338016,3818.3479519925804,337.23872029709037,16.585880038237647,-1275.560543562121
45,4,-15,288.0,38.804047194203946,-1.863385080574059,3818.347951992573,330.42734579916095,16.991253920708072,-1275.560543562117
45,4,-15,324.0,39.494859439617905,-2.9132758957906923,3838.0557130515094,334.94348615813493,10.454798405965514,-1282.0049862725173
45,4,-10,0.0,42.26470786743801,-2.420038134046219,3962.306979712339,356.00713513121104,14.756556262053406,-1322.6483096601032
45,4,-10,36.0,41.724095183129585,-1.7897937471524643,3995.114355716174,353.53078944820703,19.56047521325605,-1333.3836011341564
45,4,-10,72.0,41.60859404471878,-2.9215599258584053,4015.4469895254774,352.62533115404,12.749620836214133,-1340.0376866884455
45,4,-10,108.0,42.773595629059535,-2.9039138286024855,4015.446989525476,360.0269588038559,12.309118476870024,-1340.037686688443
45,4,-10,144.0,42.16680568760107,-1.7830880801972637,3995.1143557161813,356.34347086841467,19.393080572579347,-1333.38360113416
45,4,-10,180.0,40.84615158023694,-2.4415247848173918,3962.306979712338,346.99459336365715,15.292930976030508,-1322.6483096601028
45,4,-10,216.0,41.34557271997965,-3.055307505887352,3929.6403199852925,349.1365801132858,10.570347505058912,-1311.9606480028533
45,4,-10,252.0,41.38756150806214,-1.949951228499559,3909.535358753489,349.4323467994266,17.179434368222886,-1305.383623391921
45,4,-10,288.0,40.26280101278836,-1.9669878002546946,3909.53535875348,342.28638365814544,17.604721044709898,-1305.3836233919178
45,4,-10,324.0,40.91237156336822,-3.0618691362312758,3929.6403199852903,346.38431462128875,10.73414653680219,-1311.960648002853
45,4,-5,0.0,43.31909605071851,-2.5191879183038908,4055.593357566651,364.296127600048,15.065455553569851,-1353.1778517724642
45,4,-5,36.0,42.6503015736491,-1.8712451574141515,4088.6278020048157,360.77934385296777,19.914270019075413,-1363.9920461774866
45,4,-5,72.0,42.46294348229228,-3.0173646531486966,4109.055983706576,359.26404849472664,12.96533244005036,-1370.680259005662
45,4,-5,108.0,43.644600479796566,-2.999466278947605,4109.055983706572,366.7714933110138,12.518532450823033,-1370.6802590056614
45,4,-5,144.0,43.10084783543645,-1.86442080346449,4088.627802004823,363.64180834539087,19.743912575927695,-1363.992046177489
45,4,-5,180.0,41.86754569333209,-2.5411743251084085,4055.593357566649,355.0739639526194,15.614305757681691,-1353.1778517724642
45,4,-5,216.0,42.49506847752329,-3.1795317860480012,4022.6099878650753,358.2493507792266,10.79948264826109,-1342.3820059569432
45,4,-5,252.0,42.612169921546155,-2.044835233355473,4002.264467377517,359.1774381514743,17.634164902948413,-1335.7234863312706
45,4,-5,288.0,41.45094386040695,-2.062424143347241,4002.2644673775035,351.79979760802814,18.07323968755846,-1335.723486331266
45,4,-5,324.0,42.04935023817799,-3.1862830106909383,4022.60998786507,355.41756025747605,10.968014552952887,-1342.3820059569412
45,4,0,0.0,44.05117314940249,-2.6008833112822254,4149.29065441974,369.8727292424606,15.264991508480026,-1383.8549787670852
45,4,0,36.0,43.26199436458297,-1.94471459010124,4182.298735343594,365.3523397795113,20.084788249889115,-1394.6651994457231
45,4,0,72.0,43.004057042698534,-3.0875978043183396,4202.666176522476,363.23891937233907,13.10269896013826,-1401.3364058191526
45,4,0,108.0,44.18444265567697,-3.069718687580604,4202.666176522475,370.73828667612884,12.656379698049195,-1401.3364058191514
45,4,0,144.0,43.71355346283739,-1.9378748948766573,4182.298735343604,368.2212391459338,19.914047839993156,-1394.6651994457272
45,4,0,180.0,42.588512239112205,-2.623038007898961,4149.290654419748,360.5799766991202,15.818042758172819,-1383.8549787670872
45,4,0,216.0,43.336662375927425,-3.276732915517336,4116.244472507976,364.754456700128,10.983526493376026,-1373.0339286875578
45,4,0,252.0,43.52822766875065,-2.1298478139900068,4095.815433586475,366.3082994956316,17.941804015516148,-1366.3452144571093
45,4,0,288.0,42.34784205577243,-2.1477269307248807,4095.815433586467,358.80893219184736,18.38812327764312,-1366.3452144571054
45,4,0,324.0,42.88510327767759,-3.283572610739452,4116.244472507976,361.88555733375927,11.154266903326757,-1373.0339286875558
45,4,5,0.0,44.44244953504331,-2.662868396308785,4242.682296795852,372.59914891314884,15.35044817936285,-1414.4452299339043
45,4,5,36.0,43.54169409385427,-2.008036430697646,4275.413236632592,367.12015799610566,20.067245770721,-1425.169327893197
45,4,5,72.0,43.214962756735304,-3.130093393775902,4295.565630173143,364.42469667772076,13.157356258279446,-1431.772955264198
45,4,5,108.0,44.376188817875104,-3.1125044837801035,4295.565630173139,371.80233722117435,12.718281473718019,-1431.772955264198
45,4,5,144.0,43.98741233320507,-2.0012852060502584,4275.413236632598,369.9519485179196,19.89871386610286,-1425.1693278931991
45,4,5,180.0,42.99089917765669,-2.684854803112909,4242.682296795847,363.37698526572393,15.89929838347896,-1414.4452299339016
45,4,5,216.0,43.851181268499836,-3.344343268765706,4209.825237925924,368.50818675922426,11.119182413693554,-1403.6814536291924
45,4,5,252.0,44.11593032604927,-2.2028900448034423,4189.4688593021765,370.67595956378045,18.095884937185364,-1397.0136493090242
45,4,5,288.0,42.934273328545316,-2.2207884190012592,4189.4688593021665,363.16851474750297,18.542684926454765,-1397.0136493090206
45,4,5,324.0,43.40063500671777,-3.351167622712203,4209.825237925914,365.6457222668602,11.289539856902874,-1403.6814536291909
45,4,10,0.0,44.47728230891082,-2.7030334314384086,4335.060998375808,372.360894656357,15.317882156908667,-1444.7167842409156
45,4,10,36.0,43.474503968679876,-2.058900895514509,4367.268569314807,365.9751410058837,19.859880148553206,-1455.2739596089061
45,4,10,72.0,43.08122283352954,-3.1430760758927194,4387.0547424597735,362.7176548220263,13.124762910127885,-1461.760375440896
45,4,10,108.0,44.205983328803775,-3.126039504134514,4387.054742459768,369.8636179633163,12.699476233682551,-1461.760375440895
45,4,10,144.0,43.90770512529582,-2.052339265166926,4367.268569314816,368.7274064979348,19.696081116873025,-1455.2739596089089
45,4,10,180.0,43.05872602170943,-2.7245200822086977,4335.060998375808,363.34835288880106,15.854256870898894,-1444.7167842409167
45,4,10,216.0,44.021885245205986,-3.3802418224053445,4302.6411047256415,369.3871568327315,11.201931597510125,-1434.0916264399114
45,4,10,252.0,44.35795135307967,-2.2617745614086098,4282.511493114787,372.1521818838496,18.091916323099962,-1427.49524565647
45,4,10,288.0,43.19294976873938,-2.2794206586617305,4282.511493114776,364.75055423404183,18.53241868248358,-1427.4952456564681
45,4,10,324.0,43.579174740739795,-3.3869474893582314,4302.641104725634,366.57447541258375,11.369326238239488,-1434.0916264399095
45,4,15,0.0,44.14337917501061,-2.7194806756101224,4425.734037120707,369.0704933697985,15.164252638737736,-1474.4421945743584
45,4,15,36.0,43.04861119168672,-2.0949271493410015,4457.178347718468,361.83527470599273,19.464021672616017,-1484.753586712107
45,4,15,72.0,42.59143345506323,-3.125218772581332,4476.451345765441,358.03925659635297,13.000360117759676,-1491.0744572211895
45,4,15,108.0,43.66353035821297,-3.108979888037171,4476.451345765436,364.85063109429564,12.59498623533808,-1491.0744572211872
45,4,15,144.0,43.46299936696475,-2.0886504762860723,4457.178347718483,364.46801531094377,19.307336075615673,-1484.753586712108
45,4,15,180.0,42.778697967148304,-2.7401512889584763,4425.734037120701,360.40023721131854,15.680256479515588,-1474.4421945743563
45,4,15,216.0,43.834984687599835,-3.3828191091737434,4393.993631416355,367.2921297527752,11.226173371130713,-1464.0352650574805
45,4,15,252.0,44.23996451342253,-2.3042917791547697,4374.241673514721,370.63332714036375,17.927517271009336,-1457.559853170478
45,4,15,288.0,43.10903907363359,-2.3214217303622857,4374.241673514709,363.44819613493723,18.355134993773987,-1457.5598531704732
45,4,15,324.0,43.40669477577627,-3.389306349659549,4393.993631416344,364.571066969598,11.388115396886896,-1464.0352650574782
45,4,20,0.0,43.43225743218792,-2.7105872055651985,4514.028213261038,362.6708694486995,14.887544495682189,-1503.40002948824
45,4,20,36.0,42.25575132664324,-2.113742003381391,4544.477375321399,354.64756930021014,18.884090762145362,-1513.3892720204078
45,4,20,72.0,41.73768899195533,-3.075690093573449,4563.095469740422,350.33953194445814,12.779752458769021,-1519.4978986752312
45,4,20,108.0,42.742524433317946,-3.060470007897946,4563.095469740416,356.7235728644675,12.399811016108883,-1519.4978986752312
45,4,20,144.0,42.645602244895564,-2.1078369923310807,4544.47737532141,357.1244168639,18.73668302344091,-1513.3892720204083
45,4,20,180.0,42.140695345794676,-2.730150294987428,4514.028213261043,354.4651624534717,15.375901038849179,-1503.40002948824
45,4,20,216.0,43.28012473239814,-3.351030068458537,4483.202188618153,362.1515825764747,11.185418861760304,-1493.2886353137303
45,4,20,252.0,43.75113223536103,-2.32828022979818,4463.97447300734,366.0439495923435,17.602508701616177,-1486.982412311107
45,4,20,288.0,42.67066828510292,-2.344645848696395,4463.9744730073335,359.17941656822563,18.011046274191052,-1486.9824123111032
45,4,20,324.0,42.87240208613443,-3.3572057797820807,4483.202188618147,359.56119020911785,11.339584134990735,-1493.2886353137271
45,6,-20,0.0,57.83594739721118,-3.0613124272733794,3601.479440556314,489.4552924916953,20.17015628518982,-1204.3562612176977
45,6,-20,36.0,56.90963664661178,-1.7630599438640928,3649.1553455295825,485.9656893878332,30.186180149570326,-1219.9317518556234
45,6,-20,72.0,56.78887016431838,-4.120863909309248,3678.8278339447324,485.12450572203227,16.08460575195088,-1229.6272563940333
45,6,-20,108.0,59.21991405239975,-4.0840412667881685,3678.82783394473,500.56970502629576,15.165396213659285,-1229.6272563940322
45,6,-20,144.0,57.82701260071237,-1.749164593394001,3649.155345529589,491.79407221446087,29.83930828473913,-1219.9317518556254
45,6,-20,180.0,54.92993270282784,-3.1053293784868314,3601.479440556309,470.99245175242976,21.268958507151144,-1204.3562612176959
45,6,-20,216.0,55.7950873794052,-4.340786735188283,3554.259378019071,474.0211027804598,11.637421088508237,-1188.9328887843792
45,6,-20,252.0,55.787842335822525,-2.105684663890397,3525.324371609956,473.8256786393296,24.951395495388077,-1179.4834845304856
45,6,-20,288.0,53.52696259275814,-2.1399298566505074,3525.3243716099446,459.46158656934153,25.80626374150532,-1179.483484530482
45,6,-20,324.0,54.917922813346266,-4.354073010033556,3554.2593780190664,468.4481957622716,11.969088500856842,-1188.9328887843776
45,6,-15,0.0,60.66201025827725,-3.2957605686481184,3737.6923195251743,512.030341683988,21.014245841647423,-1248.8650154041768
45,6,-15,36.0,59.504845694067754,-1.9232862927908165,3786.401313738926,506.80493281003874,31.473436223908728,-1264.7876025979792
45,6,-15,72.0,59.27250422371645,-4.390904693183953,3816.6443867016033,505.0106830161577,16.638962804600347,-1274.6755598724055
45,6,-15,108.0,61.81708646324154,-4.352362302966429,3816.6443867015987,521.1772277783625,15.6768229283857,-1274.6755598724055
45,6,-15,144.0,60.46849799567799,-1.9086900017051887,3786.401313738932,512.9273240722479,31.109066665900453,-1264.7876025979815
45,6,-15,180.0,57.59147754058783,-3.3422694486953053,3737.6923195251807,492.52226532740093,22.175254483235673,-1248.8650154041766
45,6,-15,216.0,58.68661008104092,-4.665025861639386,3689.3037313833906,497.2671971659555,12.009953389386233,-1233.050564768016
45,6,-15,252.0,58.79598263689344,-2.2914420778465847,3659.5790536654918,498.0578793334765,26.223390027514206,-1223.3375611269232
45,6,-15,288.0,56.383764604808476,-2.327979568060777,3659.579053665485,482.73228671314797,27.135481263093446,-1223.3375611269191
45,6,-15,324.0,57.75423668667484,-4.67914837599447,3689.3037313833897,491.3435308049428,12.362495982898457,-1233.050564768016
45,6,-10,0.0,63.09930499330521,-3.5158764705037706,3876.4808503689387,531.2577460377337,21.723196664825792,-1294.2429951930392
45,6,-10,36.0,61.72447150141315,-2.0882725925049446,3925.8372202573155,524.3500464030889,32.475166675850204,-1310.3872325315147
45,6,-10,72.0,61.381882076437,-4.629759400454738,3956.412304295685,521.6154277073103,17.121070446772592,-1320.3900001520124
45,6,-10,108.0,64.00313564120307,-4.590055681634297,3956.412304295683,538.2690899193808,16.129940138174433,-1320.390000152012
45,6,-10,144.0,62.720570136471,-2.073184841866775,3925.837220257322,530.678579598502,32.0985287341673,-1310.3872325315165
45,6,-10,180.0,59.90755334710315,-3.564221434749288,3876.480850368935,510.97952706072203,22.930039771146323,-1294.2429951930378
45,6,-10,216.0,61.22000986171004,-4.956613737724858,3827.3087024828465,517.3904098352358,12.371946516218387,-1278.162570348694
45,6,-10,252.0,61.44621926504861,-2.4775050249790453,3797.031715102568,519.1665296907321,27.28965334909695,-1268.2630551401878
45,6,-10,288.0,58.91550815068289,-2.5158373114250105,3797.031715102558,503.0881126228564,28.246548371225757,-1268.263055140184
45,6,-10,324.0,60.245307259332414,-4.971377405990687,3827.3087024828465,511.1978124782324,12.740494337745359,-1278.1625703486918
45,6,-5,0.0,65.10171790347526,-3.716656795646547,4016.750795753281,546.7888697754493,22.28549226920996,-1340.134053788587
45,6,-5,36.0,63.52512247490202,-2.254455944359206,4066.368981998619,538.2706996895795,33.16956288071045,-1356.3742521837355
45,6,-5,72.0,63.07454515702302,-4.831474957849019,4097.038180705505,534.6166060911154,17.524041473697444,-1366.4142246165002
45,6,-5,108.0,65.73327340140641,-4.791203615903187,4097.0381807054955,551.5083569277396,16.518741497850723,-1366.4142246165002
45,6,-5,144.0,64.53885156391944,-2.239101147985679,4066.3689819986275,544.7112447974741,32.78625863344059,-1356.3742521837378
45,6,-5,180.0,61.83572959935686,-3.7661262109681664,4016.7507957532853,526.0390015687293,23.520405228316545,-1340.1340537885862
45,6,-5,216.0,63.35011811016399,-5.208608437331678,3967.181080001605,534.0474734625462,12.723812801418205,-1323.91337961922
45,6,-5,252.0,63.69220756912837,-2.660281039876978,3936.5903766651345,536.7984352799363,28.1300505961505,-1313.905015585206
45,6,-5,288.0,61.07944893156601,-2.6998560873571407,3936.5903766651245,520.1987440572004,29.117968861541932,-1313.905015585203
45,6,-5,324.0,62.34725207163496,-5.2237986927712585,3967.1810800016033,527.6759447885908,13.103009587067183,-1323.9133796192202
45,6,0,0.0,66.62525756546256,-3.893016955687605,4157.411361461796,558.2938760674531,22.690093044144156,-1386.182322715948
45,6,0,36.0,64.86499104261782,-2.417565013117365,4206.909194977101,548.2527158240114,33.54015553358558,-1402.3935927085702
45,6,0,72.0,64.30952157927268,-4.9905529528492565,4237.437257591941,543.7073615122033,17.839384044469224,-1412.3938368223285
45,6,0,108.0,66.96538920847378,-4.950324940194607,4237.437257591939,560.5809379457107,16.835165704698845,-1412.3938368223276
45,6,0,144.0,65.88099901368761,-2.4021756988723935,4206.909194977111,554.7077393984108,33.15598961116736,-1402.393592708572
45,6,0,180.0,63.334270517309626,-3.942865023085086,4157.4113614617945,537.3851828449211,23.934458355830312,-1386.1823227159452
45,6,0,216.0,65.03299406814821,-5.414606245311132,4107.827800723674,546.907478895448,13.062316581315269,-1369.9466865713196
45,6,0,252.0,65.48890548790071,-2.8356154746134026,4077.161143187936,550.6134667897417,28.727370419018655,-1359.907049779261
45,6,0,288.0,62.83303785870039,-2.8758434872645755,4077.161143187921,533.7398903562457,29.731588758833993,-1359.9070497792575
45,6,0,324.0,64.01698609708416,-5.42999555955248,4107.827800723667,540.452455321121,13.446482503801644,-1369.9466865713166
45,6,5,0.0,67.6292632432061,-4.039937871157918,4297.3842045970805,565.4706677299324,22.926725677242356,-1432.0351210307442
45,6,5,36.0,65.70502574690327,-2.5727438877848243,4346.385953152878,554.0067897004651,33.576279827080825,-1448.0943625235993
45,6,5,72.0,65.04849144829274,-5.102111900817834,4376.542120858562,548.6047669638482,18.05723114571607,-1457.979218984596
45,6,5,108.0,67.66125008585583,-5.06253685333459,4376.542120858561,565.2044581865952,17.06931288036989,-1457.979218984595
45,6,5,144.0,66.70789178543767,-2.5575536323418055,4346.385953152885,560.3783183744807,33.197083041504065,-1448.0943625236027
45,6,5,180.0,64.36327493908749,-4.089407286479145,4297.384204597082,544.7207995232159,24.16163863635576,-1432.0351210307447
45,6,5,216.0,66.2271017883222,-5.568926694908958,4248.165135880283,555.6605962287198,13.380615768470772,-1415.908363361296
45,6,5,252.0,66.79376555548805,-2.998907089076808,4217.657494098911,560.2934059966354,29.067784592184843,-1405.9143100715457
45,6,5,288.0,64.13503731110545,-3.039178431020253,4217.657494098899,543.4016551600176,30.073084568063972,-1405.9143100715414
45,6,5,324.0,65.21337269930993,-5.584281491280368,4248.16513588028,549.2200511208878,13.763920015790202,-1415.9083633612945
45,6,10,0.0,68.07759748661894,-4.152615889635364,4435.61187836415,568.0537049693071,22.986179928258966,-1477.3457070642596
45,6,10,36.0,66.01010517127969,-2.714698864378356,4483.751076477125,555.2771718435204,33.273394964201145,-1493.1325377577716
45,6,10,72.0,65.25695724733843,-5.16203593160986,4513.310790662001,549.0584727414408,18.166642568438217,-1502.828183213652
45,6,10,108.0,67.78766836170499,-5.123703645159929,4513.310790661997,565.1368898093264,17.209747546358564,-1502.8281832136506
45,6,10,144.0,66.98480777366277,-2.699935196107625,4483.751076477132,561.4697692005901,32.90484714275502,-1493.132537757775
45,6,10,180.0,64.88584584041634,-4.200960853879735,4435.611878364139,547.7754859922908,24.193023034594997,-1477.3457070642592
45,6,10,216.0,66.89449914109058,-5.666780761831987,4387.127343771512,560.0268730183236,13.668443540304207,-1461.449270490144
45,6,10,252.0,67.5679360202603,-3.1452423304456474,4357.009059679638,565.5508418495175,29.141235292211412,-1451.5763386040494
45,6,10,288.0,64.9466824554949,-3.1849460492630293,4357.009059679628,548.8971796374586,30.13236560084947,-1451.576338604045
45,6,10,324.0,65.89840050603908,-5.681868512467399,4387.12734377151,553.698339822978,14.045081482047234,-1461.4492704901425
45,6,15,0.0,67.93978700690145,-4.226611326355068,4571.0656419362,565.8224350001624,22.860603853132055,-1521.7758497066789
45,6,15,36.0,65.75017812882626,-2.8378636964808486,4617.987683383819,551.8500550375818,32.63324833289741,-1537.1734654273935
45,6,15,72.0,64.90538369173008,-5.167105375073911,4646.734144324775,544.859086006682,18.15597020650572,-1546.6084316155222
45,6,15,108.0,67.31760172381556,-5.130567884856372,4646.734144324769,560.1846786270221,17.2438789709744,-1546.6084316155216
45,6,15,144.0,66.6825515231972,-2.823741182121799,4617.987683383829,557.773721398653,32.28070573946114,-1537.1734654273966
45,6,15,180.0,64.86925428921181,-4.273120206400681,4571.065641936203,546.3143586435768,24.021612494741163,-1521.7758497066793
45,6,15,216.0,67.00200329886896,-5.704417137957066,4523.674710511117,559.7648469930195,13.912424823220071,-1506.2278940150618
45,6,15,252.0,67.77743527942114,-3.2695442638423198,4494.16980088071,566.1378522494738,28.941738526883373,-1496.5497440733418
45,6,15,288.0,65.23285303989663,-3.308086654057598,4494.169800880699,549.9713074872748,29.90387840312644,-1496.5497440733386
45,6,15,324.0,66.03835099726379,-5.719013429041946,4523.674710511114,553.6424557308646,14.276794381267333,-1506.2278940150636
45,6,20,0.0,67.19207683737224,-4.257991094316058,4702.752583195042,558.6090746571765,22.543788390846455,-1564.9982017143734
45,6,20,36.0,64.90133491207507,-2.9365782590456457,4748.117062396239,543.5614041842655,31.66387915420904,-1579.8941637856124
45,6,20,72.0,63.970271718350375,-5.115105235653177,4775.84263106864,535.8460217720981,18.013275326733805,-1588.9998109135163
45,6,20,108.0,66.23115146141578,-5.080860042888771,4775.842631068639,550.2101138421032,17.15840708067053,-1588.9998109135142
45,6,20,144.0,65.7784994781399,-2.923291984194395,4748.1170623962425,549.1343112025253,31.33221174195547,-1579.894163785613
45,6,20,180.0,64.28606214298838,-4.3020080455274,4702.752583195034,540.1462339179092,23.642590612833764,-1564.9982017143711
45,6,20,216.0,66.52229718899687,-5.679242134455739,4656.80091983249,554.6797107601112,14.096517921216986,-1549.9127903278397
45,6,20,252.0,67.39426399079048,-3.3667316317761657,4628.125529416048,561.8542081218645,28.467594512505077,-1540.5006898308004
45,6,20,288.0,64.96322010271003,-3.4035542742945344,4628.125529416032,546.4090088176121,29.38680405082984,-1540.5006898307952
45,6,20,324.0,65.60492123490226,-5.693137484924656,4656.800919832483,548.8513279335493,14.443389786085675,-1549.9127903278388
45,8,-20,0.0,75.68123769722006,-3.806039765637825,3425.1843014084097,641.3424030053309,26.121889640822136,-1146.3369261356115
45,8,-20,36.0,73.74336874161769,-1.4804838827946287,3489.1353395084843,632.6844699899218,43.82372069467006,-1167.2131534864905
45,8,-20,72.0,73.36173936875993,-5.662070162973118,3528.920234728393,629.7816293182537,18.694365722508536,-1180.2034715468926
45,8,-20,108.0,77.6835951697926,-5.5966076873841475,3528.9202347283895,657.2397614147065,17.060215432162774,-1180.2034715468926
45,8,-20,144.0,75.37425932668258,-1.4557810375227174,3489.1353395084943,643.0460394594444,43.20705960152378,-1167.2131534864927
45,8,-20,180.0,70.51498935164977,-3.8842921233576533,3425.1843014084134,608.5195750244067,28.07531581311225,-1146.336926135613
45,8,-20,216.0,72.36983927639344,-6.099761974951614,3361.81186617297,616.5747367286789,11.066237436714978,-1125.6552272551717
45,8,-20,252.0,72.565472140538,-2.138819424796567,3322.963093685987,617.9852730452012,34.81033180909253,-1112.97963111087
45,8,-20,288.0,68.54613037509053,-2.1996997674798062,3322.963093685984,592.4491093652241,36.33009757998403,-1112.9796311108657
45,8,-20,324.0,70.81043560339808,-6.123382019116304,3361.811866172968,606.667346474112,11.655868392055364,-1125.6552272551698
45,8,-15,0.0,79.94773722638378,-4.177156394249576,3607.8072373024684,675.0884518098596,27.3506907548781,-1205.9677988684266
45,8,-15,36.0,77.67375923546615,-1.7241304247932299,3673.04546576272,663.9710405949273,45.86702860984589,-1227.2811665717627
45,8,-15,72.0,77.14002095257302,-6.103730797431451,3713.533599342347,659.7637619696535,19.45133357897684,-1240.5117334560407
45,8,-15,108.0,81.6637227117285,-6.035210992603633,3713.5335993423437,688.5042859913422,17.740862687887063,-1240.5117334560416
45,8,-15,144.0,79.3869188827718,-1.6981814628691807,3673.0454657627265,674.8552917277153,45.21926050663089,-1227.2811665717643
45,8,-15,180.0,74.4890123949364,-4.259838847672679,3607.8072373024625,640.4074271759165,29.41470611763276,-1205.9677988684255
45,8,-15,216.0,76.67913165299278,-6.626070518890481,3542.9632205147077,650.8934055831489,11.430316753924672,-1184.7892347056709
45,8,-15,252.0,77.0369988370086,-2.416219815523905,3503.1129353848532,653.6769042950722,36.7572799968936,-1171.7767770835517
45,8,-15,288.0,72.74861122441332,-2.4811753536810186,3503.1129353848455,626.4314063033839,38.37877552682871,-1171.7767770835474
45,8,-15,324.0,75.02157895189656,-6.651177211072206,3542.963220514708,640.3624431635681,12.057059142444736,-1184.7892347056693
45,8,-10,0.0,83.7353975806043,-4.5355943199178625,3793.599671154517,704.673052504857,28.415411915416747,-1266.6824023972297
45,8,-10,36.0,81.15040030417669,-1.9891394190411766,3859.6019055158577,691.2052115118306,47.479494042416476,-1288.2631190183877
45,8,-10,72.0,80.46783078106228,-6.502905216161384,3900.470195332895,685.7238115780971,20.156946185630908,-1301.6289948978067
45,8,-10,108.0,85.12783711842323,-6.432320827151782,3900.4701953328936,715.3303221773166,18.39493674806975,-1301.628994897807
45,8,-10,144.0,82.92124232205411,-1.9623167512486637,3859.6019055158613,702.4559371925234,46.809915479310675,-1288.2631190183909
45,8,-10,180.0,78.06117243180091,-4.62154092302819,3793.599671154517,668.6228854346087,30.56091077100893,-1266.6824023972313
45,8,-10,216.0,80.56221419126665,-7.107021622156922,3727.807262912383,681.4345993340561,11.851162366488278,-1245.1765927934741
45,8,-10,252.0,81.0814616906705,-2.706777609610685,3687.2785523619127,685.5793855764167,38.41354019448359,-1231.9319347926591
45,8,-10,288.0,76.58241970957589,-2.774923896624673,3687.278552361905,656.995533011313,40.1146869005078,-1231.931934792656
45,8,-10,324.0,78.82940956481606,-7.1332681435132,3727.8072629123835,670.4255373660408,12.506358493703978,-1245.1765927934741
45,8,-5,0.0,86.96638897449789,-4.872708951785353,3981.0801031374917,729.5113975344289,29.29706827740013,-1327.9994744273022
45,8,-5,36.0,84.09972345244103,-2.269392203465369,4047.326377582058,713.829844799612,48.623627643706925,-1349.6782813376576
45,8,-5,72.0,83.27290012081258,-6.849203914636462,4088.2545440635695,707.1161859202145,20.800112383058842,-1363.0751155020125
45,8,-5,108.0,87.99952811082733,-6.777610417846917,4088.254544063567,737.1459651853194,19.012912425956806,-1363.0751155020123
45,8,-5,144.0,85.90190849958147,-2.2420947876971575,4047.326377582066,725.2797027691703,47.942197870684645,-1349.678281337661
45,8,-5,180.0,81.16018754495394,-4.960654579030171,3981.0801031374867,692.6227429447009,31.492469093506923,-1327.9994744273013
45,8,-5,216.0,83.94351133872307,-7.530558927455359,3914.8609338695014,707.6278943416531,12.331202173932738,-1306.336034940032
45,8,-5,252.0,84.6215470079157,-3.0044123062947103,3873.9767659473605,713.1076177768599,39.7451384505072,-1292.9641034340082
45,8,-5,288.0,79.97664276336043,-3.074767946257736,3873.9767659473496,683.5970556031132,41.50143758899895,-1292.9641034340034
45,8,-5,324.0,82.16063838133661,-7.557563826009228,3914.8609338694987,696.3007322546172,13.005329792918324,-1306.3360349400327
45,8,0,0.0,89.56500720909509,-5.179611925936221,4168.780351320662,749.0382110282845,29.97693176741591,-1389.4406042443502
45,8,0,36.0,86.44932071781578,-2.557410854776714,4234.758412180448,731.3025626383549,49.27083825644587,-1411.050216200736
45,8,0,72.0,85.48394345933121,-7.1329455989601565,4275.431696795578,723.4084586212168,21.366292864977904,-1424.3751210905664
45,8,0,108.0,90.20548591124347,-7.061429132022987,4275.431696795577,753.4059278363284,19.5810158164466,-1424.3751210905662
45,8,0,144.0,88.2555571108254,-2.53005207390527,4234.758412180455,742.778160103904,48.58787661647421,-1411.0502162007392
45,8,0,180.0,83.71436356793478,-5.268230712427676,4168.780351320668,711.8672008548892,32.18913676587819,-1389.4406042443504
45,8,0,216.0,86.74799276320661,-7.885484156459869,4102.649886509212,728.9110303209394,12.865791230110109,-1367.7876746844024
45,8,0,252.0,87.58062596356575,-3.301945637654873,4061.7302109235743,735.6859791147041,40.72271308635697,-1354.3927383664798
45,8,0,288.0,82.85908351165443,-3.3734621045891497,4061.7302109235657,705.6885098996081,42.507990134933344,-1354.3927383664752
45,8,0,324.0,84.94175637020221,-7.912842937328803,4102.64988650921,717.4354328554587,13.548752870138875,-1367.787674684401
45,8,5,0.0,91.45980291179652,-5.447430863805478,4355.257981595888,762.7234827868508,30.437038780567143,-1450.534230750181
45,8,5,36.0,88.13001380403382,-2.8445775060337546,4420.467431404533,743.1111232090291,49.40225466406938,-1471.9106788125391
45,8,5,72.0,87.03271834864549,-7.345444947965581,4460.57909153861,734.096651881511,21.83790387198709,-1485.0630412998637
45,8,5,108.0,91.6776225932018,-7.275089307998492,4460.579091538606,763.6072140552734,20.08160473354753,-1485.063041299862
45,8,5,144.0,89.91288676142669,-2.817572607475303,4420.4674314045415,754.4382852961401,48.72812704516541,-1471.9106788125412
45,8,5,180.0,85.65360148225284,-5.535376491049573,4355.257981595878,725.8348281971212,32.63243959668337,-1450.534230750179
45,8,5,216.0,88.90324223185819,-8.161784648892425,4289.721249424274,744.7452164247895,13.443277221868652,-1429.05709624107
45,8,5,252.0,89.8848474958685,-3.591305481265106,4249.080295254771,752.7638301967787,41.322322371452245,-1415.741896108737
45,8,5,288.0,85.1582195058546,-3.66289897805187,4249.080295254765,722.7340509316876,43.1095223285971,-1415.7418961087321
45,8,5,324.0,87.10105718472413,-8.189082064657955,4289.721249424268,733.2953584553048,14.124706994950166,-1429.0570962410688
45,8,10,0.0,92.58569534649487,-5.667575509484907,4539.107708481456,770.0880906054313,30.66071549486064,-1510.8193515588569
45,8,10,36.0,89.07793918605365,-3.1213951806455977,4603.063761571409,748.7888429042968,49.00929294076178,-1531.8032160055775
45,8,10,72.0,87.8561069925113,-7.479276999172983,4642.317319774479,738.7206176664715,22.19485436224867,-1544.6854388906092
45,8,10,108.0,92.35514897360663,-7.41113071215541,4642.317319774476,767.3044702315882,20.493707656272658,-1544.6854388906079
45,8,10,144.0,90.81074381250949,-3.095148659285093,4603.063761571416,759.7979048723803,48.3540968136255,-1531.803216005581
45,8,10,180.0,86.9114701976913,-5.753522112593863,4539.107708481453,734.0379235351816,32.806214350472075,-1510.8193515588569
45,8,10,216.0,90.3415605524957,-8.350931720073229,4474.655403534782,754.6306810500656,14.045319579146927,-1489.6791696298951
45,8,10,252.0,91.46526001453303,-3.8637637583707427,4434.599202511509,763.8312144976638,41.52612813303047,-1476.5441128338582
45,8,10,288.0,86.80525367717304,-3.9343481473783286,4434.599202511502,734.2247038984592,43.28813757063098,-1476.544112833856
45,8,10,324.0,88.57071853462459,-8.377754387864355,4474.655403534781,743.3799553694374,14.714898142298694,-1489.679169629894
45,8,15,0.0,92.88600700171607,-5.832002185728493,4718.9716671838305,770.7188399275092,30.63310499752223,-1569.848911271765
45,8,15,36.0,89.23658596016378,-3.377782225270891,4781.208489848616,747.9295973548991,48.09395220911803,-1590.286435584841
45,8,15,72.0,87.89815626782266,-7.528510121703983,4819.319722930569,736.8790494918015,22.415200315132665,-1602.8046044016862
45,8,15,108.0,92.18654388041892,-7.463554583542627,4819.3197229305615,764.1245474835076,20.79370478525712,-1602.8046044016846
45,8,15,144.0,90.89413866126577,-3.352675533083322,4781.208489848627,758.4605597745532,47.46720982069293,-1590.2864355848453
45,8,15,180.0,87.42728217026809,-5.914684639149227,4718.97166718383,736.0378152935623,32.697120360301795,-1569.848911271763
45,8,15,216.0,91.00203942178304,-8.446140816204611,4656.076661458984,758.1219991424827,14.647452786328845,-1549.2015551278728
45,8,15,252.0,92.25989838494363,-4.110201145270296,4616.900818247816,768.4342850511805,41.32293486300152,-1536.3439790572866
45,8,15,288.0,87.7361966257889,-4.178720950095687,4616.900818247804,739.6937610295081,43.0334057541289,-1536.343979057283
45,8,15,324.0,89.28887977448362,-8.472089778127515,4656.076661458977,747.2377480097626,15.295220889585252,-1549.201555127871
45,8,20,0.0,92.31435670195081,-5.933468507046987,4893.548491593375,764.2824601884062,30.341680050882797,-1627.1928467978473
45,8,20,36.0,88.55872377891467,-3.6033913506922692,4953.622112009186,740.2019392243001,46.66882955359736,-1646.9369272568135
45,8,20,72.0,87.11201326502483,-7.488900441259509,4990.320772964228,728.2436608366982,22.475895953757494,-1659.0013996215746
45,8,20,108.0,91.1313550304732,-7.4280200985725635,4990.320772964227,753.7798245166887,20.95613018291881,-1659.0013996215744
45,8,20,144.0,90.1181274519149,-3.579771306521539,4953.622112009196,750.1093294789323,46.07919859835468,-1646.9369272568167
45,8,20,180.0,87.14810835637971,-6.011720864763652,4893.54849159337,731.4596322074833,32.295106223206304,-1627.1928467978478
45,8,20,216.0,90.83254303919468,-8.442585554963754,4832.662771912365,754.8427302073501,15.21987673306501,-1607.1878714494476
45,8,20,252.0,92.21577283805121,-4.32139055847256,4794.6504953568165,766.1899891402688,40.70856796345352,-1594.7013827959177
45,8,20,288.0,87.89391703701921,-4.38685303405984,4794.650495356807,738.7318570438256,42.34271825382411,-1594.7013827959142
45,8,20,324.0,89.20165245413583,-8.467288400236106,4832.662771912364,744.4811607378879,15.836537826237244,-1607.1878714494453
45,10,-20,0.0,92.80984858103116,-4.412912035306526,3250.9607007248655,787.5971866938287,31.6877969600598,-1088.9140639108707
45,10,-20,36.0,89.50902744302446,-0.7627764672155599,3331.378454352934,771.7683593284155,59.249001487362015,-1115.1454812248553
45,10,-20,72.0,88.75623148137072,-7.287068891919015,3381.386545044124,765.9132304255952,19.928238052995617,-1131.4621021451817
45,10,-20,108.0,95.50913117048397,-7.184783773813486,3381.3865450441217,808.816561826296,17.37487822430304,-1131.462102145182
45,10,-20,144.0,92.05729398218709,-0.724178271482214,3331.378454352941,787.9583116245243,58.2854685292586,-1115.1454812248578
45,10,-20,180.0,84.73758554107782,-4.535181344248107,3250.9607007248583,736.3115179736318,34.74002535420681,-1088.9140639108696
45,10,-20,216.0,87.932785891974,-8.014760378732209,3171.229716864989,751.4016705209184,8.269891777602755,-1062.9154374319626
45,10,-20,252.0,88.43394312497394,-1.8375741221742623,3122.3327963293927,755.2537182141066,45.44017036374969,-1046.9754541610307
45,10,-20,288.0,82.15372161646229,-1.9326996576157578,3122.332796329384,715.3534624641477,47.8148043807807,-1046.9754541610278
45,10,-20,324.0,85.49621765291819,-8.051666697736108,3171.229716864991,735.9213732481616,9.191190145360702,-1062.9154374319617
45,10,-15,0.0,98.76599263549788,-4.949956704543827,3480.4965755118797,834.3372267180001,33.35298381778199,-1163.8099887654387
45,10,-15,36.0,95.00965526522,-1.104848907331117,3562.4104896396075,815.2527134705958,62.21184448476815,-1190.5557627007702
45,10,-15,72.0,94.06254534190548,-7.941152504937877,3613.2257019842054,807.7249332305444,20.896729273116236,-1207.1522511207577
45,10,-15,108.0,101.13082934058517,-7.834090309897121,3613.225701984203,852.6320020144202,18.22411850575138,-1207.1522511207577
45,10,-15,144.0,97.68646721413259,-1.0643036543305104,3562.410489639616,832.2593558655459,61.199706823414125,-1190.5557627007752
45,10,-15,180.0,90.23673508636135,-5.0791480380222165,3480.4965755118787,780.1481257274593,36.57800782202419,-1163.8099887654398
45,10,-15,216.0,93.88681233074698,-8.790133194492544,3399.0341804454733,798.4548520146164,8.55920290250991,-1137.2209960854816
45,10,-15,252.0,94.59919269769823,-2.2214794090647816,3348.9495971506635,804.0957951818823,48.18754994638348,-1120.878191432007
45,10,-15,288.0,87.89858705301839,-2.3229724374346836,3348.9495971506562,761.5247045698699,50.72113671191359,-1120.8781914320045
45,10,-15,324.0,91.29688623528341,-8.829362401023507,3399.0341804454733,782.0002232340183,9.538487884608704,-1137.2209960854816
45,10,-10,0.0,104.17298562933584,-5.479191682289584,3713.66344206909,876.2530545325875,34.83320201382088,-1239.9665312726795
45,10,-10,36.0,100.00188159141992,-1.492394226763859,3796.4084114918032,854.0962847744258,64.57345731293088,-1267.0112605947818
45,10,-10,72.0,98.8664401585957,-8.540997372981149,3847.6206626371313,844.9504827664088,21.857248052771638,-1283.7546709258338
45,10,-10,108.0,106.14770006072187,-8.43070926515568,3847.620662637123,891.2106555776811,19.10410830654843,-1283.7546709258327
45,10,-10,144.0,102.76882224435205,-1.4504838083424392,3796.408411491808,871.6755436504884,63.5272408080107,-1267.0112605947852
45,10,-10,180.0,95.30700883433063,-5.613483249654068,3713.6634420690834,819.924668485317,38.18554397563082,-1239.9665312726765
45,10,-10,216.0,99.37218570864916,-9.506531159184245,3631.1360012738874,841.2691486097339,9.007995055856878,-1213.002715337197
45,10,-10,252.0,100.29328878492814,-2.63776898239481,3580.2758705315127,848.6709144564801,50.55109490438315,-1196.390262349334
45,10,-10,288.0,93.26353568946794,-2.744247555853034,3580.2758705315077,804.0086448235107,53.20913663255562,-1196.390262349331
45,10,-10,324.0,96.66467847981922,-9.54754134879966,3631.136001273888,824.0674892847034,10.031739004669223,-1213.002715337195
45,10,-5,0.0,108.9131092637851,-5.987344386718796,3948.581279719266,912.4637108769972,36.10018357814528,-1316.7741136886102
45,10,-5,36.0,104.37410450626662,-1.9160539347309469,4031.499988755128,887.4567791830708,66.2764643080834,-1343.9041336392468
45,10,-5,72.0,103.05800837366034,-9.070551523508122,4082.7050737807635,876.7627879820187,22.793545168160477,-1360.6629316621945
45,10,-5,108.0,110.44336460805746,-8.95868668477748,4082.7050737807613,923.684318083729,20.00104523514746,-1360.6629316621948
45,10,-5,144.0,107.19001864242075,-1.8734017225995068,4031.499988755136,905.3471822604708,65.21173028765148,-1343.9041336392518
45,10,-5,180.0,99.84091953012363,-6.124759429294403,3948.5812797192702,854.8251880805393,39.53049735324616,-1316.774113688611
45,10,-5,216.0,104.2752481632005,-10.14538325641782,3865.649549468763,878.9906134165547,9.621650765809676,-1289.6499719193823
45,10,-5,252.0,105.40018823790768,-3.077229032607864,3814.423635224195,888.1049856422534,52.47942846601811,-1272.9007498776764
45,10,-5,288.0,98.14252535579077,-3.1871597200495274,3814.4236352241865,841.9947322457798,55.22364586992135,-1272.9007498776753
45,10,-5,324.0,101.48950916728315,-10.187578410404967,3865.649549468764,861.2919226555534,10.674975170517587,-1289.6499719193826
45,10,0,0.0,112.8704220803004,-6.460668222029172,4183.397623996359,942.1057341249532,37.1255076782871,-1393.6298233523003
45,10,0,36.0,108.01498339017638,-2.3642521150816043,4265.846386953646,914.5018802225266,67.27683641844573,-1420.6350699222237
45,10,0,72.0,106.52732268287501,-9.514775742653644,4316.6494941334095,902.3422106993839,23.683425421645772,-1437.2802586238738
45,10,0,108.0,113.90473276398768,-9.403031263066628,4316.649494133409,949.2132563479862,20.893930033281258,-1437.280258623872
45,10,0,144.0,110.83722775425251,-2.32150401997435,4265.846386953649,932.4325012624237,66.2097088559261,-1420.6350699222273
45,10,0,180.0,103.72879139098715,-6.599135075926462,4183.3976239963495,884.0260307290142,40.58207798833105,-1393.6298233522987
45,10,0,216.0,108.48165846110157,-10.68936664896499,4100.71072986459,910.7651109765917,10.393950439750185,-1366.5568930268066
45,10,0,252.0,109.80338909574643,-3.52883830311574,4049.522636793397,921.5258364705142,53.92783201752629,-1349.8022802187616
45,10,0,288.0,102.42597901463478,-3.6405827826992136,4049.522636793386,874.6547908219299,56.717327405937986,-1349.8022802187568
45,10,0,324.0,105.65941409703176,-10.73211474406874,4100.710729864586,892.8344899367698,11.461078002336492,-1366.5568930268048
45,10,5,0.0,115.93406854081455,-6.885347374250243,4416.303627792263,964.3575940839028,37.88138748934542,-1469.942559092206
45,10,5,36.0,110.81665826524625,-2.8235372854423613,4497.65767138755,934.4331585218088,67.54517028171175,-1496.6182767600133
45,10,5,72.0,109.16764345779293,-9.860092535215795,4547.676542213255,920.9003514307066,24.499374437111808,-1513.0244222099948
45,10,5,108.0,116.42530633991127,-9.750161847770753,4547.6765422132485,967.0106048271973,21.755157033259927,-1513.0244222099925
45,10,5,144.0,113.60239726116966,-2.7813421314513707,4497.657671387558,952.1318492828796,66.49184587708163,-1496.6182767600164
45,10,5,180.0,106.86187880715308,-7.022762416824868,4416.30362779226,906.7190712874473,41.31170126445619,-1469.9425590922053
45,10,5,216.0,111.87960259910835,-11.122917130715287,4334.4935785579,935.7620473474409,11.307166773905198,-1443.1276522685164
45,10,5,252.0,113.38917614719048,-3.980085221367727,4283.7372627697705,948.0872321642202,54.85949827499198,-1426.4964074206007
45,10,5,288.0,106.00381991279444,-4.091950060096024,4283.737262769765,901.1657020625206,57.65199820804392,-1426.496407420599
45,10,5,324.0,109.06368846296016,-11.165569342845052,4334.493578557899,917.8716442701043,12.371900794386672,-1443.127652268516
45,10,10,0.0,118.0015758885399,-7.247912290988159,4645.54848872776,978.4640515647349,38.34148885670602,-1545.1377177247127
45,10,10,36.0,112.67800601300105,-3.278989844319296,4725.206624597674,946.5101541882053,67.06757407820575,-1571.2859943523265
45,10,10,72.0,110.8786720690493,-10.09479927858495,4774.074329797236,931.7040895971296,25.2093982915336,-1587.3321424717733
45,10,10,108.0,117.90842516451072,-9.988320705122712,4774.074329797231,976.3663592301145,22.551356563413705,-1587.3321424717742
45,10,10,144.0,115.38551324183788,-3.2379796546986506,4725.206624597683,963.7118135133172,66.04383012948537,-1571.2859943523308
45,10,10,180.0,109.13559909353394,-7.382203858350427,4645.548488727758,922.1356655174628,41.693830818538466,-1545.1377177247105
45,10,10,216.0,114.36306947942086,-11.432694697129797,4565.225284015462,953.1985809279429,12.332559714019162,-1518.7813238591664
45,10,10,252.0,116.04992333589864,-4.4173388451848075,4515.281921610386,966.993299828289,55.246594845559045,-1502.3985683458955
45,10,10,288.0,108.76866343377355,-4.527626953007256,4515.281921610373,920.7331270170338,57.99973459182259,-1502.3985683458914
45,10,10,324.0,111.5961288264961,-11.47460511554905,4565.225284015456,935.6193220519592,13.378776218992718,-1518.7813238591634
45,10,15,0.0,118.98203915945423,-7.535653253729535,4869.452112863583,983.7597081518261,38.48175607191665,-1618.6613792696098
45,10,15,36.0,113.50783468569918,-3.714682735707508,4946.8407671128525,950.0739016579541,65.84613330131282,-1644.0924971844427
45,10,15,72.0,111.56975118334014,-10.209433012468761,4994.208081582801,934.0991470517057,25.778050443676346,-1659.6629755796728
45,10,15,108.0,118.27035682802092,-10.107939984094976,4994.208081582794,976.6702376637343,23.244463678195533,-1659.6629755796716
45,10,15,144.0,116.09776078116853,-3.6754535291713886,4946.840767112863,966.5285304386244,64.86684831930725,-1644.0924971844472
45,10,15,180.0,110.45278161031719,-7.664844587205167,4869.452112863587,929.5706071612817,41.706780076189986,-1618.6613792696112
45,10,15,216.0,115.83509305634212,-11.607990143915115,4791.199484259933,962.3635862011754,13.431257260467966,-1592.9562483959098
45,10,15,252.0,117.68735382998952,-4.826262423438132,4742.43472561605,977.5226255454966,55.071106279375755,-1576.9425581223188
45,10,15,288.0,110.61906983131105,-4.933324618477092,4742.434725616037,932.6155567616313,57.743717046766655,-1576.942558122315
45,10,15,324.0,113.15828110743588,-11.64853539691626,4791.199484259933,945.3569438062892,14.443394921849364,-1592.9562483959096
45,10,20,0.0,118.79909702592259,-7.737019443758211,5086.4159384560735,979.6910260423821,38.281219475783125,-1689.9839647386655
45,10,20,36.0,113.2279179271609,-4.114181278323366,5160.99252416027,944.5691744203048,63.89894196028358,-1714.5175624340159
45,10,20,72.0,111.1629136319797,-10.197075710396856,5206.5298954272,927.5324491382632,26.167614339807756,-1729.5026647994166
45,10,20,108.0,117.44313514049229,-10.101950174950256,5206.529895427198,967.4327048882418,23.792980322840982,-1729.5026647994132
45,10,20,144.0,115.66448616622299,-4.077274959311764,5160.992524160279,960.049471693145,62.97764359264191,-1714.5175624340197
45,10,20,180.0,110.72683398596863,-7.859288752695562,5086.4159384560635,928.4053573221859,41.333447869974975,-1689.9839647386634
45,10,20,216.0,116.21086228299133,-11.64106032998274,5010.787744857779,962.6406409181744,14.555495297305864,-1665.1138786785516
45,10,20,252.0,118.21565877714309,-5.192257009888275,4963.549370829651,979.0512926475569,54.32542905445109,-1649.5844912064604
45,10,20,288.0,111.4627590880308,-5.29454212799159,4963.549370829639,936.1479612468665,56.8787888831743,-1649.5844912064567
45,10,20,324.0,113.66259574383557,-11.679658525716654,5010.787744857777,946.4506886221367,15.519028255437014,-1665.1138786785486
45,12,-20,0.0,109.22178004864506,-4.881929236279175,3078.8086385056536,928.2196435571948,36.86787824290564,-1032.0876745434687
45,12,-20,36.0,104.20661275083248,0.390062302875687,3175.8846900629173,903.2173574033201,76.4620225276731,-1063.728735070715
45,12,-20,72.0,102.97234650214975,-8.995860096145215,3236.2267648919064,893.5193090440484,19.78622274344128,-1083.4031481888956
45,12,-20,108.0,112.69652205447231,-8.848569526075602,3236.2267648919046,955.3001062610505,16.10938459009171,-1083.4031481888953
45,12,-20,144.0,107.87611656722474,0.44564370472689047,3175.884690062928,926.5308887096917,75.07453506793888,-1063.728735070718
45,12,-20,180.0,97.5977212711122,-5.057997041158567,3078.8086385056567,854.3682806001068,41.26308713043309,-1032.0876745434693
45,12,-20,216.0,102.48392722614742,-10.08578194652884,2982.5129300951335,878.5019041571891,3.2483841111839915,-1000.7135193147537
45,12,-20,252.0,103.39325528913,-1.2019487560227815,2923.4334795401755,885.6310141460543,56.84091115936444,-981.4709536809705
45,12,-20,288.0,94.34973631687353,-1.3389295270580204,2923.433479540171,828.1746458661175,60.26038414389684,-981.470953680968
45,12,-20,324.0,98.97526896190654,-10.138927045892142,2982.512930095135,856.210276084408,4.5750537607854715,-1000.713519314754
45,12,-15,0.0,117.11677648561911,-5.614161499531646,3355.7603341534264,989.7766664084118,39.02112503034925,-1122.3915850952149
45,12,-15,36.0,111.51253378332841,-0.06544174040602568,3454.496385369589,960.6499514370371,80.50788384865442,-1154.6113909850098
45,12,-15,72.0,110.04007739171473,-9.903169815705178,3515.720694627191,948.8941967988371,20.975149886996697,-1174.5971128665597
45,12,-15,108.0,120.21840634981326,-9.749000254848175,3515.7206946271885,1013.5603758476137,17.126590381970153,-1174.5971128665594
45,12,-15,144.0,115.36714298976173,-0.007056576088271593,3454.496385369598,985.1395164857479,79.05040561625867,-1154.6113909850123
45,12,-15,180.0,104.8346456148627,-5.800197019743805,3355.7603341534214,911.7443609820249,43.66515959642081,-1122.3915850952133
45,12,-15,216.0,110.30965211430312,-11.157213888446783,3257.5166111756803,939.9515364603486,3.3966118351354773,-1090.3458489074499
45,12,-15,252.0,111.48256421896278,-1.7072208584697735,3197.0890389629258,949.314551993899,60.51419987597458,-1070.6418041722902
45,12,-15,288.0,101.83369209062373,-1.8533708193219536,3197.0890389629158,888.0121815126079,64.16256481835042,-1070.6418041722864
45,12,-15,324.0,106.58015853683511,-11.213703945848529,3257.516611175679,916.256871016284,4.806782209390112,-1090.345848907449
45,12,-10,0.0,124.41206913949887,-6.346668557618099,3636.672163112636,1045.99775212092,40.97656696004563,-1214.0953818193814
45,12,-10,36.0,118.27891536314324,-0.5980370156703053,3736.256738185146,1013.0232661908836,83.75705648741689,-1246.6316572606925
45,12,-10,72.0,116.57771020903604,-10.744035870911304,3797.863706208361,999.2954412722365,22.221976048207274,-1266.7670282360857
45,12,-10,108.0,127.06272446809702,-10.58522099564515,3797.8637062083603,1065.910090120459,18.257454813616764,-1266.7670282360843
45,12,-10,144.0,122.26330990336302,-0.5376860131486291,3736.2567381851513,1038.3373989723816,82.25050472026473,-1246.6316572606945
45,12,-10,180.0,111.64506255469165,-6.5400484146269235,3636.6721631126384,964.8848762128521,45.80393938499711,-1214.0953818193811
45,12,-10,216.0,117.64992441385803,-12.155142348806214,3537.2949175673693,996.8940576622784,3.842444584327705,-1181.6409379798602
45,12,-10,252.0,119.08170054782104,-2.270479143331354,3476.0236696113807,1008.4411163309256,63.70231747879285,-1161.6380378102147
45,12,-10,288.0,108.95885609035872,-2.4238082891107022,3476.023669611371,944.1274480594489,67.52989756737179,-1161.6380378102108
45,12,-10,324.0,113.75111400434213,-12.214197021849639,3537.294917567365,972.123668234225,5.316635870651743,-1181.6409379798608
45,12,-5,0.0,130.9418787713381,-7.060563100448248,3919.254325498625,1095.6458098031455,42.69483817143665,-1306.4579715725133
45,12,-5,36.0,124.3482656363776,-1.194441138157941,4018.889815517837,1059.1515028399474,86.12807287381641,-1339.0518090885118
45,12,-5,72.0,122.42986991556684,-11.495517784466479,4080.389769857096,1043.5564122765331,23.504339828982207,-1359.1776730970498
45,12,-5,108.0,133.06478289309848,-11.334432416695838,4080.389769857094,1111.1234156229937,19.483139925420122,-1359.1776730970503
45,12,-5,144.0,128.40318199243916,-1.1330219526921916,4018.8898155178445,1084.9136832713953,84.59485588434508,-1339.0518090885146
45,12,-5,180.0,117.87792555486556,-7.258440761760752,3919.25432549862,1012.6463369762425,47.634490007539995,-1306.4579715725113
45,12,-5,216.0,124.34532858359604,-13.053081424220123,3819.5469267993894,1048.1356306872447,4.595158577042071,-1273.8551905572665
45,12,-5,252.0,126.02813125910511,-2.8787312188167835,3757.93098449564,1061.7905388761114,66.33292064267968,-1253.714954916213
45,12,-5,288.0,115.57709670885637,-3.037031408732258,3757.9309844956274,995.3917739851909,70.28459370430956,-1253.7149549162095
45,12,-5,324.0,120.33386442947439,-13.113842445958639,3819.546926799388,1022.6495159914035,6.111945719854788,-1273.8551905572665
45,12,0,0.0,136.54150217907753,-7.736185843965311,4201.263179488862,1137.496445357457,44.13582077676257,-1398.7499800397914
45,12,0,36.0,129.56197905969998,-1.838088794029428,4300.173119296668,1097.8506685765387,87.55815001960823,-1431.148153873032
45,12,0,72.0,127.43965924990319,-12.136043383927024,4361.090649605414,1080.5086177466978,24.790781714491963,-1451.1092494222423
45,12,0,108.0,138.06312976670452,-11.975131333324823,4361.09064960541,1148.0029234806739,20.773908355211532,-1451.1092494222414
45,12,0,144.0,133.62601094396777,-1.7765315370803665,4300.173119296677,1123.6707628739625,86.02148632951369,-1431.1481538730368
45,12,0,180.0,123.37755398646708,-7.9355781135815375,4201.263179488864,1053.861672467304,49.11328202317512,-1398.7499800397925
45,12,0,216.0,130.233991161834,-13.826253722825035,4102.010330789809,1092.46972086241,5.6467942102414135,-1366.2543415985326
45,12,0,252.0,132.15719488444174,-3.5162934709944706,4040.5384207974057,1108.133038857177,68.34272721253296,-1346.1356753361097
45,12,0,288.0,121.53372436764154,-3.677205521594376,4040.5384207973952,1040.6387331232181,72.35960057185247,-1346.135675336106
45,12,0,324.0,126.16995927757274,-13.887810979771615,4102.010330789808,1066.6496265650617,7.183457900399832,-1366.2543415985322
45,12,5,0.0,141.0520601302609,-8.353687402493495,4480.521143186219,1170.3730016210895,45.25977180356585,-1490.2601060568268
45,12,5,36.0,133.76495913054003,-2.5096232260126037,4577.956673101932,1127.9728956387917,88.00502667998126,-1522.2171563660252
45,12,5,72.0,131.4532667757358,-12.646054662571622,4637.834472882518,1109.0158656114368,26.041642841077937,-1541.863361714996
45,12,5,108.0,141.90430132598615,-12.487754472652956,4637.834472882509,1175.4146305023817,22.089969779502248,-1541.863361714995
45,12,5,144.0,137.77642328466928,-2.4488622042694406,4577.956673101944,1153.4590103347184,86.48823953725838,-1522.2171563660283
45,12,5,180.0,127.98810691378817,-8.551565063804505,4480.521143186211,1087.3735287941881,50.19942363968234,-1490.2601060568259
45,12,5,216.0,135.15618289007193,-14.452324140377764,4382.482123281158,1128.7110889966646,6.972284424563465,-1458.120031443632
45,12,5,252.0,137.30675150945424,-4.165246309385179,4321.628396643903,1146.263611898948,69.67931230280647,-1438.1778440071373
45,12,5,288.0,126.67183853192387,-4.326331677152729,4321.628396643891,1078.6966085525062,73.7005122064086,-1438.177844007133
45,12,5,324.0,131.10126653401798,-14.513743325841613,4382.482123281154,1102.9489085652979,8.505501414092347,-1458.1200314436303
45,12,10,0.0,144.32523911275243,-8.893626234143635,4754.934219103045,1193.1815878472123,46.028500013802926,-1580.300805561821
45,12,10,36.0,136.81030565212305,-3.187482855396726,4850.179665555907,1148.4411056952556,87.44823837656169,-1611.5808727980148
45,12,10,72.0,134.32465247695097,-13.008602769842804,4908.581820730235,1128.0088885334005,27.21027435632349,-1630.76829395714
45,12,10,108.0,144.4474969344149,-12.85527362405995,4908.581820730238,1192.3225568048956,23.38269426779544,-1630.7682939571387
45,12,10,144.0,140.70911606164506,-3.1284281823487086,4850.179665555922,1173.2114951233864,85.97404709032895,-1611.5808727980173
45,12,10,180.0,131.5582325279445,-9.087006091150023,4754.934219103046,1112.0687119391396,50.85587243878298,-1580.3008055618213
45,12,10,216.0,138.95902592186664,-14.91206969300081,4658.836985213541,1155.7305726519717,8.530163944938923,-1548.755733177953
45,12,10,252.0,141.32192598435617,-4.805967590886413,4599.05721697628,1175.037097841398,70.30263542980015,-1529.1397051401611
45,12,10,288.0,130.8369117252965,-4.964782466150628,4599.057216976267,1108.4224489931908,74.26715666442823,-1529.1397051401584
45,12,10,324.0,134.97463138165352,-14.972420695521828,4658.836985213537,1130.416439870545,10.036715712134615,-1548.7557331779522
45,12,15,0.0,146.2278834801164,-9.337564530358804,5022.506978975473,1204.9450396731147,46.40655707630788,-1668.2132537002208
45,12,15,36.0,138.5639243054324,-3.848565227794136,5114.884515176541,1158.2829679467384,85.88979160945054,-1698.5916502262057
45,12,15,72.0,135.9201684382833,-13.209874047371105,5171.399220281497,1136.519378686401,28.244520592083067,-1717.1835451494915
45,12,15,108.0,145.56904056662339,-13.06372408651418,5171.399220281495,1197.8217491677153,24.59615564977574,-1717.1835451494892
45,12,15,144.0,142.2934178829074,-3.7920751703856754,5114.884515176554,1181.9776333908867,84.47962123530571,-1698.5916502262096
45,12,15,180.0,133.945752609359,-9.523600050567351,5022.506978975468,1126.9127342467295,51.05059164241568,-1668.213253700219
45,12,15,216.0,141.50116420254614,-15.18996512109025,4929.043178913975,1172.4896081690872,10.263838245626651,-1637.4919738191754
45,12,15,252.0,144.05980161455955,-5.417728098346771,4870.771522985396,1193.4028737324088,70.18625277598841,-1618.3454812684288
45,12,15,288.0,133.88147265646222,-5.571897659201625,4870.771522985384,1128.73669468365,74.03481228104965,-1618.3454812684242
45,12,15,324.0,137.6465549961202,-15.248350285407733,4929.043178913981,1148.0000431204544,11.72131647805321,-1637.491973819174
45,12,20,0.0,146.6462978092886,-9.668643904449121,5281.354923783106,1204.8347722191188,46.36240666555484,-1753.3715555368215
45,12,20,36.0,138.90891735681504,-4.468948041936034,5370.228298849463,1156.6631097722893,83.35421637429565,-1782.6360693172169
45,12,20,72.0,136.12297281921363,-13.239631043061127,5424.469998457536,1133.712386676783,29.088430484921645,-1800.5036064470291
45,12,20,108.0,145.1664917914715,-13.102650272021265,5424.469998457525,1191.1687549567428,25.668957500451487,-1800.5036064470287
45,12,20,144.0,142.41757562106224,-4.415802942565765,5370.228298849473,1178.9547378451425,82.02754672481167,-1782.6360693172198
45,12,20,180.0,135.02223903175496,-9.844711709323681,5281.354923783104,1130.9834092620276,50.75761555313164,-1753.3715555368212
45,12,20,216.0,142.65725492038715,-15.274666459512819,5191.175838668737,1178.0734428925978,12.103373613944918,-1723.6908120151497
45,12,20,252.0,145.39392180806612,-5.979330986022573,5134.822155834548,1200.4381186437263,69.31817778551218,-1705.15001506243
45,12,20,288.0,135.66974625574483,-6.126621556090928,5134.822155834535,1138.6573214267403,72.99501593887871,-1705.1500150624263
45,12,20,324.0,138.98775110400175,-15.330247861366141,5191.17583866874,1154.7599115862904,13.490861073689603,-1723.6908120151495
