time,position_x,position_y,position_z,velocity_x,velocity_y,velocity_z,roll_rad,pitch_rad,yaw_rad,roll_deg,pitch_deg,yaw_deg,force_x,force_y,force_z,moment_x,moment_y,moment_z
0.0,324.9999618564937,134.99999045711635,50.00027446067992,-0.003814350627345911,-0.0009542883655282122,0.0274460679915377,3.300936206643756e-05,-0.00013194049666185882,-1.1564823173178716e-19,0.00189129713082611,-0.007559633605584437,-6.626155586382328e-18,-0.25937584265952196,-0.06489160885591842,8.537132623424565,0.0014854212929896905,-0.005937322349783646,-1.0408340855860843e-17
0.01,324.9998854038351,134.9999713299069,50.000823376683,-0.007638023369534578,-0.001910908972250735,0.0548926716581644,9.90280873485861e-05,-0.00039582148984181173,-8.710543325656725e-09,0.0056738914583268464,-0.0226789008085162,-4.990773698259785e-07,-0.25937584265952196,-0.06489160885591842,8.537132623424565,0.0014854212929896905,-0.005937322349783646,-1.0408340855860843e-17
0.02,324.9997703107325,134.99994253548698,50.001646737238765,-0.011476718951296674,-0.0028712880482238286,0.08234088950057157,0.00019805618906309068,-0.0007916429778865642,-4.7907991417300696e-08,0.01134778373976019,-0.045357801514068485,-2.744925713160301e-06,-0.25937584265952196,-0.06489160885591842,8.537132623424565,0.0014854212929896905,-0.005937322349783646,-1.0408340855860843e-17
0.03,324.9996160802511,134.99990394952906,50.002744526038896,-0.015336137453092816,-0.003836851658980755,0.10979181722587715,0.00033009372007654944,-0.0013194049541829368,-1.5243455129547893e-07,0.01891297700415909,-0.07559633534333403,-8.733856441201398e-06,-0.25937584265952196,-0.06489160885591842,8.537132623424565,0.0014854212929896905,-0.005937322349783646,-1.0408340855860843e-17
0.04,324.9994220498172,134.99985540626335,50.00411672104346,-0.01922197772131367,-0.004809025558287508,0.13724657638813306,0.0004951408177273333,-0.001979107401551025,-3.7019838374552137e-07,0.02836947912043257,-0.11339450131197681,-2.1210804971182832e-05,-0.25937584265952196,-0.06489160885591842,8.537132623424565,0.0014854212929896905,-0.005937322349783646,-1.0408340855860843e-17
0.05,324.9991873912254,134.9997966984788,50.005763294217466,-0.02313993675073927,-0.005789235031260606,0.16470632302794813,0.0006931977658870736,-0.00277075028448083,-7.621738878383902e-07,0.039717306353227025,-0.15875229738542376,-4.366934702821714e-05,-0.25937584265952196,-0.06489160885591842,8.537132623424565,0.0014854212929896905,-0.005937322349783646,-1.0408340855860843e-17
0.06,324.99891111064744,134.9997275775247,50.00768421119777,-0.027095709028826694,-0.006778904727237306,0.1921722563106834,0.0009242650742629128,-0.0036943335392122336,-1.4024022967109852e-06,0.05295648790661051,-0.21166971991048922,-8.035173278099287e-05,-0.25937584265952196,-0.06489160885591842,8.537132623424565,0.0014854212929896905,-0.005937322349783646,-1.0408340855860843e-17
0.07,324.9985920486446,134.99964775331307,50.009879430890315,-0.03109498583139668,-0.007779458479788895,0.21964562716262476,0.0011883435749427797,-0.004749857061658053,-2.377992758844898e-06,0.06808707145570952,-0.2721467629234169,-0.00013624894879448363,-0.25937584265952196,-0.06489160885591842,8.537132623424565,0.0014854212929896905,-0.005937322349783646,-1.0408340855860843e-17
0.08,324.99822888018224,134.99955689432164,50.01234890499776,-0.03514345445929171,-0.008792319111268211,0.24712774690447029,0.0014854345361877677,-0.0059373206931697,-3.789124118409199e-06,0.08510912966653204,-0.34018341733431223,-0.0002171008200360759,-0.25937584265952196,-0.06489160885591842,8.537132623424565,0.0014854212929896905,-0.005937322349783646,-1.0408340855860843e-17
0.09,324.99782011464816,134.99945462759788,50.015092577477425,-0.03924679740558102,-0.009818908219283162,0.274619995881388,0.0018155397934783012,-0.007256724204144628,-5.749047647580892e-06,0.10402276770435977,-0.41577966998791843,-0.00032939616642599937,-0.25937584265952196,-0.06489160885591842,8.537132623424565,0.0014854212929896905,-0.005937322349783646,-1.0408340855860843e-17
0.1,324.997364095874,134.99934053876373,50.01811038392969,-0.043410691442891586,-0.010860645942488869,0.3021238320888017,0.0021786618978243315,-0.008708067275474346,-8.38409102313973e-06,0.1248281317312964,-0.49893550260066566,-0.0004803730306794267,-0.25937584265952196,-0.06489160885591842,8.537132623424565,0.0014854212929896905,-0.005937322349783646,-1.0408340855860843e-17
0.11,324.9968590021608,134.99921417202148,50.02140225091672,-0.04764080662044912,-0.011918950703092124,0.3296407997929493,0.0025748042813544384,-0.010291349477831167,-1.1833663879070881e-05,0.1475254183938243,-0.5896508905738894,-0.0006780189964471717,-0.25937584265952196,-0.06489160885591842,8.537132623424565,0.0014854212929896905,-0.005937322349783646,-1.0408340855860843e-17
0.12,324.99630284630916,134.99907503016072,50.0249680952117,-0.051942805160418916,-0.012995238923463246,0.357172538145131,0.003003971440204592,-0.012006570248791159,-1.625026530642397e-05,0.17211488530155866,-0.6879258016830722,-0.000931071618025959,-0.25937584265952196,-0.06489160885591842,8.537132623424565,0.0014854212929896905,-0.005937322349783646,-1.0408340855860843e-17
0.13,324.99569347565364,134.9989225745665,50.028807822978415,-0.05632234024314384,-0.01409092471425201,0.38472078978842106,0.003466169134734595,-0.013853728867789853,-2.179949371130124e-05,0.19859686249880468,-0.793760194642911,-0.0012490189851795406,-0.25937584265952196,-0.06489160885591842,8.537132623424565,0.0014854212929896905,-0.005937322349783646,-1.0408340855860843e-17
0.14,324.99502857210314,134.99875622522893,50.03292132888141,-0.060785054670886,-0.015207419531406453,0.41228740945545767,0.003961404607109003,-0.015832824428906146,-2.8660059481619693e-05,0.22697176493102594,-0.9071540175479501,-0.0016421004488907064,-0.25937584265952196,-0.06489160885591842,8.537132623424565,0.0014854212929896905,-0.005937322349783646,-1.0408340855860843e-17
0.15,324.99430565218677,134.99857536075427,50.03730849512657,-0.06533657939968945,-0.016346131799495792,0.43987437255575335,0.004489686816289823,-0.01794385581146856,-3.702380095325837e-05,0.2572401059089342,-1.0281072061884435,-0.0021213075361541387,-0.25937584265952196,-0.06489160885591842,8.537132623424565,0.0014854212929896905,-0.005937322349783646,-1.0408340855860843e-17
0.16,324.9935220671064,134.99837931837777,50.041969190432305,-0.06998253192899444,-0.017508466498741625,0.46748378375077837,0.005051026690500571,-0.020186821648476443,-4.709570420641848e-05,0.28940251157361463,-1.1566196822410233,-0.002698385084224297,-0.25937584265952196,-0.06489160885591842,8.537132623424565,0.0014854212929896905,-0.005937322349783646,-1.0408340855860843e-17
0.17,324.99267500279666,134.9981673939782,50.04690326893132,-0.07472851453864929,-0.018695824713165173,0.4951178855148663,0.005645437397235598,-0.022561720292826916,-5.909392726355593e-05,0.32345973636692016,-1.2926913513336462,-0.003385832627054825,-0.25937584265952196,-0.06489160885591842,8.537132623424565,0.0014854212929896905,-0.005937322349783646,-1.0408340855860843e-17
0.18,324.99176147999225,134.9979388420946,50.05211056900297,-0.07958011236298453,-0.019909603137262467,0.522779066679772,0.006272934630905007,-0.025068549781336293,-7.324982930116972e-05,0.3594126795123117,-1.4363221009841722,-0.0041969060690107375,-0.25937584265952196,-0.06489160885591842,8.537132623424565,0.0014854212929896905,-0.005937322349783646,-1.0408340855860843e-17
0.19,324.9907783543045,134.9976928759451,50.05759091203644,-0.08454289129163522,-0.021151193538624206,0.5504698709604781,0.006933536918224253,-0.027707307796542378,-8.980800552913286e-05,0.39726240251239314,-1.5875117984117988,-0.005145619683306874,-0.25937584265952196,-0.06489160885591842,8.537132623424565,0.0014854212929896905,-0.005937322349783646,-1.0408340855860843e-17
0.2,324.989722316307,134.99742866744822,50.06334410112455,-0.0896223956868225,-0.0224219821739228,0.5781930054595963,0.007627265941478709,-0.0304779916262713,-0.00010902632843323557,0.43701014767060636,-1.74626028822041,-0.0062467484750315634,-0.25937584265952196,-0.06489160885591842,8.537132623424565,0.0014854212929896905,-0.005937322349783646,-1.0408340855860843e-17
0.21,324.98858989163176,134.99714534724683,50.069369919688526,-0.09482414590683406,-0.023723349155695652,0.6059513491474479,0.008354146879817321,-0.033380598120949616,-0.00013117599611928713,0.4786573576459179,-1.9125673899527393,-0.007515830951059618,-0.25937584265952196,-0.06489160885591842,8.537132623424565,0.0014854212929896905,-0.005937322349783646,-1.0408340855860843e-17
0.22,324.9873774410764,134.99684200473496,50.07566813003363,-0.10015363562547704,-0.025056667767361318,0.6337479613146253,0.00911420876875613,-0.036415123648638956,-0.00015654158854062076,0.5222056960508528,-2.0864328955140476,-0.00896917234165106,-0.25937584265952196,-0.06489160885591842,8.537132623424565,0.0014854212929896905,-0.005937322349783646,-1.0408340855860843e-17
0.23,324.98608116072336,134.9965176880876,50.08223847183583,-0.10561632893731367,-0.0264233037239139,0.6615860899935468,0.009907484878102023,-0.039581564047766915,-0.00018542113243530904,0.5676570691049307,-2.2678565664637995,-0.010623848321079503,-0.25937584265952196,-0.06489160885591842,8.537132623424565,0.0014854212929896905,-0.005937322349783646,-1.0408340855860843e-17
0.24,324.9846970820726,134.99617140429402,50.08908066055963,-0.11121765723853433,-0.027824614375750952,0.6894691803452041,0.010734013108539895,-0.04287991457752349,-0.0002181261758449854,0.6150136483574372,-2.4568381311735905,-0.012497709277246107,-0.25937584265952196,-0.06489160885591842,8.537132623424565,0.0014854212929896905,-0.005937322349783646,-1.0408340855860843e-17
0.25,324.9832210721879,134.99580211919454,50.09619438580713,-0.11696301587337052,-0.029261947853101402,0.7174008830069805,0.011593836407162522,-0.04631016986588807,-0.0002549818731340576,0.6642778944955304,-2.6533772818493118,-0.014609385182921694,-0.25937584265952196,-0.06489160885591842,8.537132623424565,0.0014854212929896905,-0.005937322349783646,-1.0408340855860843e-17
0.26,324.9816488338587,134.99540875752123,50.10357930959847,-0.1228577605360057,-0.03073664214853271,0.7453850623970805,0.012487003202262143,-0.04987232385524669,-0.00029632708147648906,0.7154525822559646,-2.85747367141525,-0.016978291124032097,-0.25937584265952196,-0.06489160885591842,8.537132623424565,0.0014854212929896905,-0.005937322349783646,-1.0408340855860843e-17
0.27,324.9799759057779,134.9949902029428,50.11123506458384,-0.12890720341800357,-0.032250024135030766,0.7734258049707564,0.013413567857746226,-0.05356636974555409,-0.0003425144698274286,0.7685408264611957,-3.069126910257511,-0.019624633543272638,-0.25937584265952196,-0.06489160885591842,8.537132623424565,0.0014854212929896905,-0.005937322349783646,-1.0408340855860843e-17
0.28,324.9781976627377,134.99454529811385,50.11916125218712,-0.13511660909134246,-0.033803408517162056,0.801527427423152,0.014373591147587367,-0.05739229993498871,-0.0003939106414490297,0.8235461092033577,-3.2883365628238024,-0.022569417260320433,-0.25937584265952196,-0.06489160885591842,8.537132623424565,0.0014854212929896905,-0.005937322349783646,-1.0408340855860843e-17
0.29,324.9763093158434,134.99407284472895,50.1273574406815,-0.14149119011722108,-0.03539809671284544,0.8296944848332006,0.015367140750768978,-0.061350105958042495,-0.0004508962711140737,0.8804723082025617,-3.515102144076241,-0.025834453333022957,-0.25937584265952196,-0.06489160885591842,8.537132623424565,0.0014854212929896905,-0.005937322349783646,-1.0408340855860843e-17
0.3,324.9743059127475,134.9935716035817,50.13582316319708,-0.14803610237088663,-0.03703537566328082,0.8579317787426218,0.016394291767244627,-0.06543977842098017,-0.0005138662581677904,0.9393237263691889,-3.7494231157934426,-0.029442367827194355,-0.25937584265952196,-0.06489160885591842,8.537132623424565,0.0014854212929896905,-0.005937322349783646,-1.0408340855860843e-17
0.31,324.9721823379049,134.99304029462925,50.14455791566083,-0.15475644007283038,-0.03871651656860392,0.886244365163647,0.017455127255489915,-0.06966130693459492,-0.000583229896687861,1.000105122603344,-3.9912988827177034,-0.033416611566065464,-0.25937584265952196,-0.06489160885591842,8.537132623424565,0.0014854212929896905,-0.005937322349783646,-1.0408340855860843e-17
0.32,324.96993331285046,134.99247759706245,50.153561154669056,-0.16165723051679992,-0.040442773546860725,0.914637562508684,0.018549738792291787,-0.07401468004417887,-0.000659411064045338,1.0628217438684202,-4.240728788542607,-0.03778147093402869,-0.25937584265952196,-0.06489160885591842,8.537132623424565,0.0014854212929896905,-0.005937322349783646,-1.0408340855860843e-17
0.33,324.967553396501,134.99188214938215,50.16283229529263,-0.1687434284851925,-0.04221538221392201,0.943116959434692,0.019678227055491687,-0.07849988515661803,-0.0007428484292354978,1.1274793585798228,-4.49771211173587,-0.04256207981311662,-0.25937584265952196,-0.06489160885591842,8.537132623424565,0.0014854212929896905,-0.005937322349783646,-1.0408340855860843e-17
0.34,324.96503698548185,134.9912525494819,50.17237070881537,-0.17601991034251835,-0.04403555818198766,0.971688422594587,0.020840702430476137,-0.08311690846451118,-0.0008339956824178603,1.1940842913543197,-4.762248061191679,-0.04778443273467635,-0.25937584265952196,-0.06489160885591842,8.537132623424565,0.0014854212929896905,-0.005937322349783646,-1.0408340855860843e-17
0.35000000000000003,324.96237831448076,134.99058735473744,50.18217572040574,-0.18349146779776174,-0.04590449547436278,1.0003581042875351,0.022037285641291683,-0.0878657348672019,-0.0009333217871792073,1.2626434591702633,-5.034335771706149,-0.053475399332975806,-0.25937584265952196,-0.06489160885591842,8.537132623424565,0.0014854212929896905,-0.005937322349783646,-1.0408340855860843e-17
0.36,324.95957145662993,134.9898850821033,50.192246606722264,-0.19116280132661626,-0.04782336485422284,1.0291324499995123,0.023268108407351017,-0.09274634788860123,-0.0010413112571128938,1.3331644089940808,-5.313974299268924,-0.05966274019203094,-0.25937584265952196,-0.06489160885591842,8.537132623424565,0.0014854212929896905,-0.005937322349783646,-1.0408340855860843e-17
0.37,324.9566103239178,134.98914420821708,50.20258259345309,-0.19903851324473498,-0.0497933120651232,1.0580182058250203,0.024533314126793902,-0.09775872959166651,-0.001158464458392598,1.4056553569339711,-5.601162616163161,-0.06637512418180463,-0.25937584265952196,-0.06489160885591842,8.537132623424565,0.0014854212929896905,-0.005937322349783646,-1.0408340855860843e-17
0.38,324.9534886676324,134.9883631695116,50.213182852789906,-0.20712310042331314,-0.05181545598105042,1.0870224257603465,0.025833058587671008,-0.10290286048938824,-0.0012852979401094691,1.480125228987736,-5.895899605865459,-0.07364214738513103,-0.25937584265952196,-0.06489160885591842,8.537132623424565,0.0014854212929896905,-0.005937322349783646,-1.0408340855860843e-17
0.39,324.9502000788378,134.98754036233532,50.22404650083687,-0.21542094663851277,-0.053890886663857544,1.1161524788582402,0.027167510708230938,-0.10817871945212282,-0.0014223447942390245,1.5565837034581027,-6.198184057736419,-0.08149435372229959,-0.25937584265952196,-0.06489160885591842,8.537132623424565,0.0014854212929896905,-0.005937322349783646,-1.0408340855860843e-17
0.4,324.946737988885,134.98667414308193,50.23517259495479,-0.22393631454644766,-0.056020663325974794,1.1454160562333517,0.02853685330771195,-0.11358628361109355,-0.0015701550472088147,1.635041255115838,-6.508014661491652,-0.08996325738622961,-0.25937584265952196,-0.06489160885591842,8.537132623424565,0.0014854212929896905,-0.005937322349783646,-1.0408340855860843e-17
0.41000000000000003,324.94309566995975,134.98576282832855,50.24656013104116,-0.23267333727567,-0.058205812196339614,1.1748211779072437,0.02994128390916993,-0.11912552825786552,-0.0017292960851505355,1.7155092011984,-6.825390001442121,-0.0990813672076215,-0.25937584265952196,-0.06489160885591842,8.537132623424565,0.0014854212929896905,-0.005937322349783646,-1.0408340855860843e-17
0.42,324.93926623566824,134.98480469498415,50.25820804074656,-0.24163600962934254,-0.06044732428754722,1.2043761994812363,0.03138101557601457,-0.12479642673958247,-0.0019003531150417426,1.7979997493399327,-7.150308550491648,-0.10888221307643085,-0.25937584265952196,-0.06489160885591842,8.537132623424565,0.0014854212929896905,-0.005937322349783646,-1.0408340855860843e-17
0.43,324.93524264166285,134.98379798044775,50.27011518862798,-0.2508281788895399,-0.06274615306228375,1.2340898186247857,0.032856277784076654,-0.13059895034973407,-0.0020839296640734954,1.8825260475370411,-7.482768663878349,-0.1194003745535267,-0.25937584265952196,-0.06489160885591842,8.537132623424565,0.0014854212929896905,-0.005937322349783646,-1.0408340855860843e-17
0.44,324.9310176863098,134.98274088277728,50.2822803692396,-0.2602535352164008,-0.06510321199716998,1.2639710813665308,0.03436731733119204,-0.13653306821420155,-0.002280648119722071,1.969102236264112,-7.82276857264552,-0.13067151181452155,-0.25937584265952196,-0.06489160885591842,8.537132623424565,0.0014854212929896905,-0.005937322349783646,-1.0408340855860843e-17
0.45,324.92658401140056,134.9816315608694,50.294702304161774,-0.26991560163515305,-0.06751937204221393,1.2940293881745606,0.035914399286463124,-0.14259874717230733,-0.0024911503131564263,2.0577435028619924,-8.170306376826293,-0.14273239907655658,-0.25937584265952196,-0.06489160885591842,8.537132623424565,0.0014854212929896905,-0.005937322349783646,-1.0408340855860843e-17
0.46,324.92193410290884,134.98046813465095,50.30737963896881,-0.2798177236043511,-0.06999545897414601,1.3242744998118692,0.03749780798154764,-0.14879595165256979,-0.0027160981487794594,2.148466138334652,-8.525380038324895,-0.15562096066835898,-0.25937584265952196,-0.06489160885591842,8.537132623424565,0.0014854212929896905,-0.005937322349783646,-1.0408340855860843e-17
0.47000000000000003,324.91706029179494,134.97924868528222,50.32031094013636,-0.2899630581590091,-0.07253225064199069,1.3547165429523682,0.03911784804652817,-0.15512464354283878,-0.00295617428288162,2.2412875967001358,-8.88798737347598,-0.16937630991422953,-0.25937584265952196,-0.06489160885591842,8.537132623424565,0.0014854212929896905,-0.005937322349783646,-1.0408340855860843e-17
0.48,324.91195475486,134.97797125537286,50.33349469188908,-0.30035456262267535,-0.07513047410331475,1.3853660155422247,0.04077484549313571,-0.16158478205445895,-0.00321208285458141,2.3362265570547023,-9.258126045261742,-0.18403879101384854,-0.25937584265952196,-0.06489160885591842,8.537132623424565,0.0014854212929896905,-0.005937322349783646,-1.0408340855860843e-17
0.49,324.9066095156516,134.97663384921066,50.34692929298949,-0.31099498288288197,-0.07779080264968304,1.416233791890679,0.042469148848338016,-0.16817632358007778,-0.003484550272440309,2.433302988522649,-9.635793555164923,-0.19965002411199087,-0.25937584265952196,-0.06489160885591842,8.537132623424565,0.0014854212929896905,-0.005937322349783646,-1.0408340855860843e-17
0.5,324.90101644542307,134.97523443300378,50.36061305346888,-0.32188684122481587,-0.08051385271995001,1.4473311274738818,0.044201130341559716,-0.17489922154468257,-0.0037743260603713214,2.5325382182790186,-10.02098723463387,-0.21625295376551587,-0.25937584265952196,-0.06489160885591842,8.537132623424565,0.0014854212929896905,-0.005937322349783646,-1.0408340855860843e-17
0.51,324.89516726414826,134.97377093513717,50.374544191301105,-0.3330324237184955,-0.08330018070011812,1.478669663434666,0.04597118714907874,-0.18175342624941443,-0.004082183766712522,2.633955002848259,-10.413704236133718,-0.23389190102944454,-0.25937584265952196,-0.06489160885591842,8.537132623424565,0.0014854212929896905,-0.005937322349783646,-1.0408340855860843e-17
0.52,324.88905354159454,134.97224124644336,50.388720829020386,-0.3444337671552007,-0.0861502796086033,1.5102614307605433,0.04777974269944343,-0.18873888470766992,-0.004408921940611616,2.7375776028991154,-10.813941523755721,-0.25261261939967417,-0.25937584265952196,-0.06489160885591842,8.537132623424565,0.0014854212929896905,-0.005937322349783646,-1.0408340855860843e-17
0.53,324.88266669845535,134.9706432204883,50.40314099028405,-0.35609264552939607,-0.08906457566586339,1.5421188541215787,0.049627248044079794,-0.19585554047295806,-0.004755365180166954,2.8434318617746417,-11.221695863354176,-0.2724623548670348,-0.25937584265952196,-0.06489160885591842,8.537132623424565,0.0014854212929896905,-0.005937322349783646,-1.0408340855860843e-17
0.54,324.8759980075452,134.96897467387296,50.41780259638136,-0.36801055606290733,-0.09204342474746695,1.5742547553491701,0.05151418329761052,-0.2031033334579363,-0.005122365257096986,2.9515452880164004,-11.636963812177955,-0.29348991035610217,-0.25937584265952196,-0.06489160885591842,8.537132623424565,0.0014854212929896905,-0.005937322349783646,-1.0408340855860843e-17
0.55,324.8690385950588,134.96723338655087,50.43270346268953,-0.38018870476866007,-0.09508710871980926,1.6066823565361141,0.05344105915278939,-0.21048219974399907,-0.005510802323066547,3.061947142163811,-12.059741707960724,-0.3157457148426027,-0.25937584265952196,-0.06489160885591842,8.537132623424565,0.0014854212929896905,-0.005937322349783646,-1.0408340855860843e-17
0.56,324.8617794418968,134.96541710216258,50.44784129507825,-0.39262799155186934,-0.09819583165781741,1.639415282737708,0.05540841847536986,-0.21799207138073973,-0.005921586203187673,3.1746685281333886,-12.490025657430966,-0.3392818974655512,-0.25937584265952196,-0.06489160885591842,8.537132623424565,0.0014854212929896905,-0.005937322349783646,-1.0408340855860843e-17
0.5700000000000001,324.8542113850604,134.9635235283871,50.46321368626387,-0.4053289948471805,-0.10136971594412963,1.6724675642529987,0.05741683798467713,-0.2256328761745483,-0.006355657782638018,3.2897424895084306,-12.927811524199525,-0.3641523669746336,-0.25937584265952196,-0.06489160885591842,8.537132623424565,0.0014854212929896905,-0.005937322349783646,-1.0408340855860843e-17
0.58,324.84632511911735,134.96155033731148,50.47881811211475,-0.4182919557909037,-0.10460879824938385,1.705853638464651,0.05946693002614391,-0.2334045374655444,-0.0068139904928051906,3.407204111097836,-13.373094915978795,-0.39041289688000536,-0.25937584265952196,-0.06489160885591842,8.537132623424565,0.0014854212929896905,-0.005937322349783646,-1.0408340855860843e-17
0.59,324.8381111977407,134.95949516581845,50.49465192790906,-0.43151676192816196,-0.10791302539340812,1.7395883512152746,0.06155934444260401,-0.24130697389197558,-0.007297591903874359,3.527090626153329,-13.825871171083746,-0.4181212167008399,-0.25937584265952196,-0.06489160885591842,8.537132623424565,0.0014854212929896905,-0.005937322349783646,-1.0408340855860843e-17
0.6,324.829560035324,134.95735561599324,50.5107123645466,-0.44500293045548167,-0.11128225008727079,1.7736869576974201,0.06369477055172029,-0.2493400991411364,-0.007807505431333949,3.649441529667735,-14.286135344160638,-0.4473371097409026,-0.25937584265952196,-0.06489160885591842,8.537132623424565,0.0014854212929896905,-0.005937322349783646,-1.0408340855860843e-17
0.61,324.8206619086741,134.95512925554982,50.5269965247162,-0.45874959100010204,-0.11471622655632115,1.8081651228338245,0.06587393923755848,-0.2575038216857811,-0.008344812164484986,3.774298698213333,-14.753882191084582,-0.47812251785441906,-0.25937584265952196,-0.06489160885591842,8.537132623424565,0.0014854212929896905,-0.005937322349783646,-1.0408340855860843e-17
0.62,324.8114069587848,134.95281361827728,50.54350137902038,-0.47275546793805884,-0.1182146060445323,1.8430389211238718,0.06809762516501261,-0.2657980445049134,-0.008910632825709374,3.9017065168190888,-15.229106152961961,-0.510541653703878,-0.25937584265952196,-0.06489160885591842,8.537132623424565,0.0014854212929896905,-0.005937322349783646,-1.0408340855860843e-17
0.63,324.8017851926932,134.95040620450692,50.56022376205884,-0.48701886225391816,-0.12177693220064667,1.8783248359316183,0.07036664912654579,-0.27422266478773744,-0.00950612986998721,4.0317120134289945,-15.711801339168089,-0.544661121053513,-0.25937584265952196,-0.06489160885591842,8.537132623424565,0.0014854212929896905,-0.005937322349783646,-1.0408340855860843e-17
0.64,324.7917864854211,134.9479044816005,50.5771603684729,-0.5015376329458908,-0.12540263634682206,1.9140397581901316,0.07268188053154061,-0.28277757361944833,-0.010132509734960111,4.164365001531341,-16.201961509344315,-0.5805500436884348,-0.25937584265952196,-0.06489160885591842,8.537132623424565,0.0014854212929896905,-0.005937322349783646,-1.0408340855860843e-17
0.65,324.7814005820042,134.94530588446045,50.59430774895241,-0.5163091779809527,-0.12909103263068078,1.9502009844963004,0.07504424004946257,-0.2914626556474202,-0.010791025252724159,4.2997182316008296,-16.699580054272026,-0.6182802036001869,-0.25937584265952196,-0.06489160885591842,8.537132623424565,0.0014854212929896905,-0.005937322349783646,-1.0408340855860843e-17
0.66,324.7706170996117,134.94260781606255,50.611662306207386,-0.53133041480553,-0.1328413130618789,1.9868262145696896,0.07745470241903737,-0.3002777887262214,-0.011482978235511039,4.437827552052569,-17.2046499755335,-0.6579261891353636,-0.25937584265952196,-0.06489160885591842,8.537132623424565,0.0014854212929896905,-0.005937322349783646,-1.0408340855860843e-17
0.67,324.7594255297579,134.93980764801148,50.62922029090635,-0.5465977604182836,-0.13665254243453373,2.0239335480484533,0.07991429943673767,-0.30922284353974383,-0.012209722248489062,4.57875208046976,-17.717163863861515,-0.699565553865405,-0.25937584265952196,-0.06489160885591842,8.537132623424565,0.0014854212929896905,-0.005937322349783646,-1.0408340855860843e-17
0.68,324.74781524060893,134.93690272112008,50.64697779758351,-0.5621071110125393,-0.14052365313707846,2.0615414805947667,0.08242412313907804,-0.31829768319857527,-0.012972665584097574,4.722554385935762,-18.237113876070495,-0.7432789870034059,-0.25937584265952196,-0.06489160885591842,8.537132623424565,0.0014854212929896905,-0.005937322349783646,-1.0408340855860843e-17
0.6900000000000001,324.73577547938714,134.93389034601284,50.66493076051703,-0.577853821196971,-0.14445343985135195,2.0996688992817005,0.08498532919454078,-0.32750216281057204,-0.013773274453631206,4.869300683377127,-18.764491710452123,-0.7891504962684229,-0.25937584265952196,-0.06489160885591842,8.537132623424565,0.0014854212929896905,-0.005937322349783646,-1.0408340855860843e-17
0.7000000000000001,324.72329537487485,134.93076780375404,50.68307494958086,-0.5938326828042394,-0.14844055414297808,2.1383350772329597,0.08759914052241254,-0.33683612902239773,-0.014613076413227809,5.019061040907664,-19.29928858050745,-0.8372676041801244,-0.25937584265952196,-0.06489160885591842,8.537132623424565,0.0014854212929896905,-0.005937322349783646,-1.0408340855860843e-17
0.71,324.7103639400206,134.92753234650135,50.70140596607243,-0.6100379032984324,-0.15248349894534502,2.177559667486404,0.09026685115741924,-0.3462994195295831,-0.015493664043001324,5.171909601255712,-19.841495186875388,-0.8877215588575755,-0.25937584265952196,-0.06489160885591842,8.537132623424565,0.0014854212929896905,-0.005937322349783646,-1.0408340855860843e-17
0.72,324.6969700746503,134.92418119818532,50.719919238518806,-0.6264630837933414,-0.15658062293975844,2.21736269605181,0.09298983038082041,-0.3558918625524299,-0.016416698899815237,5.327924818458411,-20.39110168730422,-0.940607560496475,-0.25937584265952196,-0.06489160885591842,8.537132623424565,0.0014854212929896905,-0.005937322349783646,-1.0408340855860843e-17
0.73,324.68310256828516,134.92071155521532,50.73861001846409,-0.6431011966948318,-0.16073011483461422,2.2577645541328817,0.09576952714058379,-0.36561327627482304,-0.017383915766133254,5.487189711119042,-20.94809766449791,-0.9960250048103665,-0.25937584265952196,-0.06489160885591842,8.537132623424565,0.0014854212929896905,-0.005937322349783646,-1.0408340855860843e-17
0.74,324.6687501030693,134.91712058721257,50.75747337624061,-0.659944562981849,-0.1649299975467162,2.2987859894831133,0.09860747478542897,-0.37546346824273036,-0.01839712721953315,5.649792133647763,-21.512472091652665,-1.0540777448444967,-0.25937584265952196,-0.06489160885591842,8.537132623424565,0.0014854212929896905,-0.005937322349783646,-1.0408340855860843e-17
0.75,324.6539012568096,134.91340543777082,50.776504196727046,-0.6769848291419124,-0.16917812228815152,2.3404480968647117,0.10150529613992937,-0.38544223471885175,-0.0194582285498521,5.815825067043519,-22.084213295481053,-1.1148743727074895,-0.25937584265952196,-0.06489160885591842,8.537132623424565,0.0014854212929896905,-0.005937322349783646,-1.0408340855860843e-17
0.76,324.6385445061294,134.90956322524517,50.79569717509622,-0.6942129437783222,-0.1734721625624312,2.3827723075794394,0.1044647089505228,-0.3955493599895284,-0.020569203053575204,5.985386930927472,-22.663308916500846,-1.1785285229174645,-0.25937584265952196,-0.06489160885591842,8.537132623424565,0.0014854212929896905,-0.005937322349783646,-1.0408340855860843e-17
0.77,324.6226682297395,134.90559104356956,50.815046812555906,-0.7116191339077117,-0.1778096080739055,2.4257803780399176,0.10748753173523459,-0.4057846156196308,-0.021732127738014945,6.15858191870744,-23.24974586634323,-1.2451591992274447,-0.25937584265952196,-0.06489160885591842,8.537132623424565,0.0014854212929896905,-0.005937322349783646,-1.0408340855860843e-17
0.78,324.60626071182776,134.90148596310345,50.83454741208571,-0.7291928809680367,-0.18218775855477196,2.4694943773496516,0.11057569007319866,-0.41614775965070816,-0.02294917947109358,6.335520357940916,-23.84351028181015,-1.314891126981933,-0.25937584265952196,-0.06489160885591842,8.537132623424565,0.0014854212929896905,-0.005937322349783646,-1.0408340855860843e-17
0.79,324.58931014557066,134.89724503150845,50.854193074173516,-0.7469228965585969,-0.18660371751430901,2.513936673859788,0.11373122337371289,-0.42663853573719634,-0.02422264161617402,6.516319098173368,-24.444587475382693,-1.3878551332647189,-0.25937584265952196,-0.06489160885591842,8.537132623424565,0.0014854212929896905,-0.005937322349783646,-1.0408340855860843e-17
0.8,324.5718046367682,134.8928652746549,50.87397769255488,-0.7647970979352359,-0.19105438591528867,2.559129920670426,0.11695629216863039,-0.43725667221493925,-0.0255549111954333,6.701101928761483,-25.052961881851267,-1.4641885573299454,-0.25937584265952196,-0.06489160885591842,8.537132623424565,0.0014854212929896905,-0.005937322349783646,-1.0408340855860843e-17
0.81,324.5537322076049,134.8883436975594,50.89389494995908,-0.7828025832854629,-0.19553645578284695,2.605097040044137,0.12025318597642219,-0.4480018810956708,-0.026948506629789128,6.8900000294507695,-25.668617000703676,-1.544035694067235,-0.25937584265952196,-0.06489160885591842,8.537132623424565,0.0014854212929896905,-0.005937322349783646,-1.0408340855860843e-17
0.8200000000000001,324.5350808005393,134.88367728535363,50.913938313865536,-0.8009256068098841,-0.20004640375142108,2.6518612066992437,0.12362433179130765,-0.4588738569804279,-0.028406076108433764,7.083152456766896,-26.291535333868268,-1.6275482735406566,-0.25937584265952196,-0.06489160885591842,8.537132623424565,0.0014854212929896905,-0.005937322349783646,-1.0408340855860843e-17
0.8300000000000001,324.51583828232356,134.87886300428443,50.93410103227446,-0.8191515536380203,-0.20458048455569566,2.699445829950346,0.12707230325650617,-0.4698722758841023,-0.029930406646669072,7.280706669604311,-26.921698318365713,-1.714885979964445,-0.25937584265952196,-0.06489160885591842,8.537132623424565,0.0014854212929896905,-0.005937322349783646,-1.0408340855860843e-17
0.84,324.49599244815636,134.87389780274648,50.954376129495884,-0.8374649146083271,-0.2091347244718361,2.7478745346635765,0.1305998305869945,-0.4809967939624868,-0.03152443389704949,7.482819097758342,-27.55908625337413,-1.806217013840086,-0.25937584265952196,-0.06489160885591842,8.537132623424565,0.0014854212929896905,-0.005937322349783646,-1.0408340855860843e-17
0.85,324.4755310259697,134.86877861234717,50.974756401961145,-0.855849260944015,-0.21370491471562453,2.7971711409941067,0.13420981131424786,-0.4922470461322109,-0.033191252785915226,7.689655757553527,-28.203678221157215,-1.9017187013847783,-0.25937584265952196,-0.06489160885591842,8.537132623424565,0.0014854212929896905,-0.005937322349783646,-1.0408340855860843e-17
0.86,324.4544416808532,134.8635023490044,50.995234414061244,-0.8742872188580968,-0.21828660480445236,2.8473596428735415,0.13790532193340216,-0.5036226445728815,-0.03493412905533784,7.901392919176845,-28.855452001243247,-2.0015781558362,-0.25937584265952196,-0.06489160885591842,8.537132623424565,0.0014854212929896905,-0.005937322349783646,-1.0408340855860843e-17
0.87,324.43271201961716,134.85806591407774,51.01580249401657,-0.8927604441229625,-0.2228750958904587,2.8984641852149857,0.14168963054221526,-0.5151231770995273,-0.03675651179942109,8.11821783083686,-29.514383977172972,-2.1059929957296397,-0.25937584265952196,-0.06489160885591842,8.537132623424565,0.0014854212929896905,-0.005937322349783646,-1.0408340855860843e-17
0.88,324.4103295954962,134.8524661955332,51.03645272978266,-0.9112495966417048,-0.22746543407243913,2.950509039803807,0.145566210571262,-0.5267482053920709,-0.03866204709393598,8.340329505445942,-30.180449035055897,-2.2151721258185613,-0.25937584265952196,-0.06489160885591842,8.537132623424565,0.0014854212929896905,-0.005937322349783646,-1.0408340855860843e-17
0.89,324.3872819129959,134.8467000691416,51.057176964996835,-0.9297343150603776,-0.23205240369447822,3.0035185798424004,0.149538755716125,-0.5384972630670007,-0.04065459282957365,8.567939576171776,-30.853620453085163,-2.3293365869573894,-0.25937584265952196,-0.06489160885591842,8.537132623424565,0.0014854212929896905,-0.005937322349783646,-1.0408340855860843e-17
0.9,324.3635564328839,134.8407643997115,51.07796679497079,-0.9481931914623821,-0.2366305206395824,3.0575172531176182,0.15361119619511698,-0.5503698535746547,-0.042738234871850425,8.801273227936253,-31.53386978106082,-2.448720481995868,-0.25937584265952196,-0.06489160885591842,8.537132623424565,0.0014854212929896905,-0.005937322349783646,-1.0408340855860843e-17
0.91,324.3391405773275,134.83465604235622,51.09881356273432,-0.9666037461882214,-0.24119402562690495,3.112529553759961,0.15778771647049758,-0.5623654479035355,-0.04491730468510015,9.040570212766378,-32.22116670885675,-2.573571985559438,-0.25937584265952196,-0.06489160885591842,8.537132623424565,0.0014854212929896905,-0.005937322349783646,-1.0408340855860843e-17
0.92,324.3140217351792,134.8283718437955,51.119708355135614,-0.9849424028259622,-0.24573687752145768,3.168579992564114,0.1620727745874596,-0.5744834820708106,-0.04719639857427467,9.286085957836578,-32.91547892263694,-2.7041544465231944,-0.25937584265952196,-0.06489160885591842,8.537132623424565,0.0014854212929896905,-0.005937322349783646,-1.0408340855860843e-17
0.93,324.2881872674121,134.8219086436919,51.14064199900376,-1.0031844634198728,-0.2502527466654944,3.2256930658409977,0.16647112330363334,-0.5867233543755759,-0.049580398716716184,9.538092776100116,-33.61677194747906,-2.8407475930436803,-0.25937584265952196,-0.06489160885591842,8.537132623424565,0.0014854212929896905,-0.005937322349783646,-1.0408340855860843e-17
0.9400000000000001,324.26162451270636,134.81526327602188,51.161605057379404,-1.0213040839468843,-0.25473500824102396,3.2838932227721367,0.170987833202803,-0.5990844223885233,-0.052074496176978735,9.796881190607497,-34.32500897489511,-2.9836488512110217,-0.25937584265952196,-0.06489160885591842,8.537132623424565,0.0014854212929896905,-0.005937322349783646,-1.0408340855860843e-17
0.9500000000000001,324.2343207931886,134.8084325704819,51.18258782581949,-1.0392742501127366,-0.25917673567316263,3.343204831237881,0.1756283180103139,-0.6115659996483038,-0.05468421612152457,10.06276138497245,-35.040150673547,-3.1331747897446136,-0.25937584265952196,-0.06489160885591842,8.537132623424565,0.0014854212929896905,-0.005937322349783646,-1.0408340855860843e-17
0.96,324.20626342032546,134.80141335392906,51.20358032878265,-1.0570667535219238,-0.2635706940842652,3.403652142091824,0.18039836235469175,-0.6241673520310446,-0.057415445477125175,10.336064793995549,-35.76215498123516,-3.2896627047027636,-0.25937584265952196,-0.06489160885591842,8.537132623424565,0.0014854212929896905,-0.005937322349783646,-1.0408340855860843e-17
0.97,324.17743970097234,134.79420245185665,51.22457231610174,-1.074652168277847,-0.26790933380897247,3.4652592518546315,0.18530415225078853,-0.6368876937550898,-0.06027446330754591,10.617145850219817,-36.49097687598712,-3.4534723599385213,-0.25937584265952196,-0.06489160885591842,8.537132623424565,0.0014854212929896905,-0.005937322349783646,-1.0408340855860843e-17
0.98,324.1478369435791,134.78679668990415,51.245553259550526,-1.0919998280719099,-0.27218478398048046,3.528050063801462,0.19035230861487804,-0.6497261829779997,-0.06326797421815455,10.906383904204253,-37.22656812378405,-3.6249879010427604,-0.25937584265952196,-0.06489160885591842,8.537132623424565,0.0014854212929896905,-0.005937322349783646,-1.0408340855860843e-17
0.99,324.1174424645531,134.7791928954015,51.26651234951175,-1.1090778038226599,-0.2763888461984639,3.5920482474182123,0.19554992416221206,-0.6626819169370517,-0.06640314513812813,11.204185338598071,-37.968877000132046,-3.8046199628093937,-0.25937584265952196,-0.06489160885591842,8.537132623424565,0.0014854212929896905,-0.005937322349783646,-1.0408340855860843e-17
1.0,324.0869579280621,134.7716497003941,51.28655854851914,-1.1251694079699457,-0.27203072788133004,3.5412655354841864,0.19996970162398983,-0.6673185862886492,-0.06880726047851742,11.457419933544982,-38.23453858497624,-3.942365625276357,-0.21289961347940695,0.5119020988771659,0.6483396945501505,-0.016211279280669306,0.37248695712723257,-0.08623959179532834
1.01,324.0563852635765,134.76416725931685,51.305689848894986,-1.1713410942587752,-0.27047353592104756,3.481611412865367,0.2034997226069886,-0.6636467162539662,-0.07034923003555585,11.659675237463432,-38.02415592906836,-4.0307139730323165,-0.21289961347940695,0.5119020988771659,0.6483396945501505,-0.016211279280669306,0.37248695712723257,-0.08623959179532834
1.02,324.0257248413723,134.75674570779051,51.32390651731312,-1.246074231073827,-0.2718405064273917,3.4122252270674895,0.20608508972194275,-0.6516750896077003,-0.07093926599002794,11.80780586164222,-37.33823224833096,-4.06452054298454,-0.21289961347940695,0.5119020988771659,0.6483396945501505,-0.016211279280669306,0.37248695712723257,-0.08623959179532834
1.03,323.9949754901706,134.74938515041967,51.34121095127516,-1.3476096130054724,-0.2762732417217257,3.331525148587155,0.207735520205748,-0.6314101415170412,-0.07053587934134666,11.902368562743996,-36.1771362506845,-4.0414081905031765,-0.21289961347940695,0.5119020988771659,0.6483396945501505,-0.016211279280669306,0.37248695712723257,-0.08623959179532834
1.04,323.96413452415,134.74208563170924,51.35760750946212,-1.473891608421774,-0.2839286072463603,3.2372798552600206,0.20852597563929454,-0.6028557048202283,-0.06914558666894148,11.947658322979395,-34.54108754158364,-3.9617502880863955,-0.21289961347940695,0.5119020988771659,0.6483396945501505,-0.016211279280669306,0.37248695712723257,-0.08623959179532834
1.05,323.93319777764754,134.73484710170462,51.37310231688387,-1.6224851717841267,-0.2949750141422496,3.12669285133617,0.20859066809892704,-0.5660131738300765,-0.06681549749189267,11.951364927882658,-32.43016600926801,-3.828246012352387,-0.21289961347940695,0.5119020988771659,0.6483396945501505,-0.016211279280669306,0.37248695712723257,-0.08623959179532834
1.06,323.9021596461237,134.72766939293348,51.38770304827692,-1.7904705288584866,-0.3095886069361581,2.9965037742009626,0.2081123828429901,-0.5208820701490704,-0.06362048077091559,11.923961201314137,-29.844344243579016,-3.645185038766673,-0.21289961347940695,0.5119020988771659,0.6483396945501505,-0.016211279280669306,0.37248695712723257,-0.08623959179532834
1.07,323.87101313189,134.72055222643135,51.40141869475982,-1.9743213507009678,-0.327949985119551,2.8431123219437486,0.20730997773676588,-0.4674609251942453,-0.05964743755574892,11.877986775267743,-26.78353810091095,-3.417546430714536,-0.21289961347940695,0.5119020988771659,0.6483396945501505,-0.016211279280669306,0.37248695712723257,-0.08623959179532834
1.08,323.83974989256086,134.7134952623407,51.414259318853276,-2.169773623500072,-0.3502421543836881,2.6627312824281906,0.20642699026761863,-0.4057483650885095,-0.054979140247035416,11.827395319922667,-23.247668863904867,-3.1500726974129716,-0.21289961347940695,0.5119020988771659,0.6483396945501505,-0.016211279280669306,0.37248695712723257,-0.08623959179532834
1.09,323.8083602892454,134.70649820617768,51.426235801802015,-2.371694253681057,-0.3766504045161566,2.451575450716068,0.20572371621660807,-0.33574429962075464,-0.04967930929248511,11.787100684958695,-19.236731363845006,-2.8464147515844487,-0.21289961347940695,0.5119020988771659,0.6483396945501505,-0.016211279280669306,0.37248695712723257,-0.08623959179532834
1.1,323.7768334302686,134.6995609770571,51.43735958538919,-2.573960729329671,-0.40736470766614297,2.2060928402752578,0.20547434224226152,-0.2574511676804816,-0.04377944314841544,11.772812608708234,-14.75086533880646,-2.5083773218371337,-0.21289961347940695,0.5119020988771659,0.6483396945501505,-0.016211279280669306,0.37248695712723257,-0.08623959179532834
1.11,323.74515720484317,134.69268394019454,51.44764240893215,-2.769365834525846,-0.4425849722817082,1.9232433411166305,0.20597014130477154,-0.17087526175796874,-0.03726670866796095,11.8012198024766,-9.790431321924805,-2.1352251230177646,-0.21289961347940695,0.5119020988771659,0.6483396945501505,-0.016211279280669306,0.37248695712723257,-0.08623959179532834
1.12,323.71331829965874,134.68586820332808,51.457096041559495,-2.9495643455565816,-0.48252901778205964,1.6008276424093129,0.20752969107012945,-0.07602823543983414,-0.03007104475257678,11.890575421972226,-4.356097014529448,-1.7229439498716703,-0.21289961347940695,0.5119020988771659,0.6483396945501505,-0.016211279280669306,0.37248695712723257,-0.08623959179532834
1.1300000000000001,323.68130218980514,134.67911597512975,51.46573201062876,-3.1050815881279026,-0.5274423969385339,1.2378655923193662,0.2105177990648355,0.027071003059123896,-0.022048370838445547,12.061781398798184,1.5510542224735397,-1.26327859418225,-0.21289961347940695,0.5119020988771659,0.6483396945501505,-0.016211279280669306,0.37248695712723257,-0.08623959179532834
1.1400000000000001,323.6490930937266,134.67243098273588,51.47356132957843,-3.225406340748308,-0.577608140130944,0.8350180002112673,0.2153766725369479,0.1383936629046137,-0.01295493690061151,12.3401743419383,7.929372795790586,-0.7422632082633311,-0.21289961347940695,0.5119020988771659,0.6483396945501505,-0.016211279280669306,0.37248695712723257,-0.08623959179532834
1.1500000000000001,323.61667387990764,134.6658189448441,51.48059423306308,-3.299192329099179,-0.6333531006208728,0.39503903226257236,0.22267667720072934,0.25789710335022376,-0.002404387912756309,12.758433799598794,14.776415570617024,-0.1377612797132057,-0.21289961347940695,0.5119020988771659,0.6483396945501505,-0.016211279280669306,0.37248695712723257,-0.08623959179532834
1.16,323.58402591059274,134.6592880963948,51.486839934736366,-3.3145928169821937,-0.6950458449709016,-0.07676225280694504,0.23320183256140226,0.38551841372854123,0.01020815268659934,13.361480780484845,22.088578031223747,0.5848840655672747,-0.21289961347940695,0.5119020988771659,0.6483396945501505,-0.016211279280669306,0.37248695712723257,-0.08623959179532834
1.17,323.5511288049238,134.65284976109484,51.492306434976065,-3.259750762987481,-0.7630789931414624,-0.5720829401711267,0.24810223087966993,0.5211633371989883,0.025847032825912296,14.215210717185412,29.86045965845541,1.480925893860872,-0.21289961347940695,0.5119020988771659,0.6483396945501505,-0.016211279280669306,0.37248695712723257,-0.08623959179532834
1.18,323.51796010030927,134.64651896943977,51.497000423997456,-3.1234617583110085,-0.8378266123245731,-1.0792531812544024,0.26918613752667625,0.6646858207172218,0.046113731049025705,15.423229583706698,38.08369222928611,2.642122166710555,-0.21289961347940695,0.5119020988771659,0.6483396945501505,-0.016211279280669306,0.37248695712723257,-0.08623959179532834
1.19,323.48449478646467,134.64031512107417,51.500927349195926,-2.896017494248046,-0.9195646416774385,-1.5829847158247845,0.29953171578093274,0.8158471527897655,0.07383845082393543,17.161903144559563,46.74459858261839,4.230631597995776,-0.21289961347940695,0.5119020988771659,0.6483396945501505,-0.016211279280669306,0.37248695712723257,-0.08623959179532834
1.2,323.4507046810138,134.63426267954532,51.50409172101979,-2.570222806125657,-1.0083387736036304,-2.0643092993396452,0.34492055242631936,0.9742259305638283,0.11448156373587193,19.762491921348946,55.81903411351256,6.5593104341233985,-0.21289961347940695,0.5119020988771659,0.6483396945501505,-0.016211279280669306,0.37248695712723257,-0.08623959179532834
1.21,323.4165576077232,134.62839180286693,51.506497557230304,-2.1425583162637283,-1.1037570740807567,-2.500788422562953,0.41774403686439,1.138992885065715,0.17998044803722404,23.93497022908702,65.25948520969472,10.312120067406559,-0.21289961347940695,0.5119020988771659,0.6483396945501505,-0.016211279280669306,0.37248695712723257,-0.08623959179532834
1.22,323.3820163254291,134.62273833248773,51.50814741773717,-1.6144316217831634,-1.2046629289259077,-2.8670956143218116,0.5502541380546361,1.308241054943234,0.3018691269965771,31.52723977013959,74.95669103398976,17.295826942202527,-0.21289961347940695,0.5119020988771659,0.6483396945501505,-0.016211279280669306,0.37248695712723257,-0.08623959179532834
1.23,323.3470371486392,134.61733970579945,51.50902684632302,-0.9934169466792919,-1.3085587824456997,-3.136145790542552,0.859041677682516,1.4764127186575156,0.5954016121667791,49.21946255704577,84.59221759851145,34.11399949244153,-0.21289961347940695,0.5119020988771659,0.6483396945501505,-0.016211279280669306,0.37248695712723257,-0.08623959179532834
1.24,323.31156953124366,134.61220041081137,51.508930292685434,-0.29429283142882834,-1.4102671030681266,-3.2815048408148484,2.2497680951233745,1.6192289691986712,1.9630482283100485,128.9022167337561,92.77498600040263,112.47437846279944,-0.21289961347940695,0.5119020988771659,0.6483396945501505,-0.016211279280669306,0.37248695712723257,-0.08623959179532834
1.25,323.27585474081593,134.60688396923288,51.5038940167971,0.4607232380201294,-1.5018045055473161,-3.2899948536220607,-1.2260165727626267,1.5139855789817667,-1.5502355846637659,-70.24557523239231,86.74498391932559,-88.8219562522294,-0.21289961347940695,0.5119020988771659,0.6483396945501505,-0.016211279280669306,0.37248695712723257,-0.08623959179532834
1.26,323.2410408327195,134.60114249910228,51.49170081115771,1.245882687640356,-1.587373816687263,-3.140778580936392,-4.749263225261062,1.5592303492826105,-5.117200288082919,-272.11273860414803,89.3373183026028,-293.19397943028025,-0.21289961347940695,0.5119020988771659,0.6483396945501505,-0.016211279280669306,0.37248695712723257,-0.08623959179532834
1.27,323.2088729313693,134.59591926655685,51.47121119350149,2.0286191174828314,-1.6679812279662922,-2.8144889005478064,13.62829722735973,1.5939020659009482,13.21865615518329,780.8439130775542,91.32386133330714,757.3732085266303,-0.21289961347940695,0.5119020988771659,0.6483396945501505,-0.016211279280669306,0.37248695712723257,-0.08623959179532834
1.28,323.18040572032857,134.58887305101942,51.44414178373179,2.768367180882843,-1.724873064044052,-2.299738701662098,5.936490485763017,1.7255107382283938,5.476492460990775,340.1358499537888,98.86448280498996,313.779904549985,-0.21289961347940695,0.5119020988771659,0.6483396945501505,-0.016211279280669306,0.37248695712723257,-0.08623959179532834
1.29,323.1548558239516,134.5838840347303,51.41175607526312,3.4167905844331017,-1.7566086964282273,-1.5827457167860524,6.6590315218055505,1.929483663147016,6.153062091839508,381.53440184403587,110.55127053776583,352.54448894434154,-0.21289961347940695,0.5119020988771659,0.6483396945501505,-0.016211279280669306,0.37248695712723257,-0.08623959179532834
1.3,323.1278060751514,134.57373188377633,51.37949904743461,3.915711879329482,-1.723770787106486,-0.669719334024552,6.563869011309887,2.1580405386624624,5.987112916443781,376.08199162476495,123.64661488349785,343.03630158049015,-0.21289961347940695,0.5119020988771659,0.6483396945501505,-0.016211279280669306,0.37248695712723257,-0.08623959179532834
1.31,323.10021503714876,134.5646283476261,51.34481790542183,4.202155723685948,-1.6252049004220643,0.4120799723949329,6.574865645804443,2.3975987218035493,5.920060686285498,376.71205237015096,137.37228772530418,339.1944917854807,-0.21289961347940695,0.5119020988771659,0.6483396945501505,-0.016211279280669306,0.37248695712723257,-0.08623959179532834
1.32,323.0718099914694,134.55570995145646,51.307967869622864,4.2162000391558125,-1.4405370405980813,1.609846499263518,6.6112723870154575,2.642975066977999,5.8648029046159085,378.7980049873671,151.43131669614542,336.02845411055785,-0.21289961347940695,0.5119020988771659,0.6483396945501505,-0.016211279280669306,0.37248695712723257,-0.08623959179532834
1.33,323.0424379379324,134.54678218951952,51.26886707376596,3.9083783854695042,-1.1530721414640956,2.8474462279155137,6.665006819709184,2.8926436527148893,5.8072228866645474,381.8767611952474,165.73627293586938,332.7293620976574,-0.21289961347940695,0.5119020988771659,0.6483396945501505,-0.016211279280669306,0.37248695712723257,-0.08623959179532834
1.34,323.0119622298827,134.53776884323943,51.22736665276002,3.2475870656547676,-0.7513736050495174,4.026357822681481,6.737594017658493,3.144817266087355,5.740037500161364,386.0357012844235,180.18475668667543,328.87992300606976,-0.21289961347940695,0.5119020988771659,0.6483396945501505,-0.016211279280669306,0.37248695712723257,-0.08623959179532834
1.35,322.9802624705752,134.52867280323144,51.1832675995946,2.229426570567754,-0.2329580117942901,5.029789207497275,6.835309537503099,3.3967764232070548,5.655345774817189,391.6343881644463,194.6209529993078,324.02744458416737,-0.21289961347940695,0.5119020988771659,0.6483396945501505,-0.016211279280669306,0.37248695712723257,-0.08623959179532834
1.36,322.94725690645475,134.51960772495227,51.13630276565543,0.8838968753444845,0.39137768425217623,5.730439351613853,6.970344023364579,3.6439593898671343,5.5410122101188115,399.37129429302803,208.7834937564533,317.47661387026443,-0.21289961347940695,0.5119020988771659,0.6483396945501505,-0.016211279280669306,0.37248695712723257,-0.08623959179532834
1.37,322.9129513096976,134.51087420752475,51.08609647443244,-0.7188552295397843,1.0932076593863487,6.002194924469835,7.165349208191743,3.8780952850388877,5.375544953733078,410.5442683667931,222.19849238231225,307.99603843175277,-0.21289961347940695,0.5119020988771659,0.6483396945501505,-0.016211279280669306,0.37248695712723257,-0.08623959179532834
1.3800000000000001,322.8775368536915,134.50308910923417,51.03210159935683,-2.4662462420194986,1.822921896161175,5.735587596273472,7.462700047957055,4.083023508830342,5.118826189682066,427.5812165200163,233.94001470867502,293.28713672981496,-0.21289961347940695,0.5119020988771659,0.6483396945501505,-0.016211279280669306,0.37248695712723257,-0.08623959179532834
1.3900000000000001,322.84154793766186,134.49735084225318,50.97355131494502,-4.205972330241752,2.5081124950227336,4.856112062742511,7.933872564762709,4.225499614938795,4.702862040092462,454.5774131555371,242.10329427014747,269.45414652958226,-0.21289961347940695,0.5119020988771659,0.6483396945501505,-0.016211279280669306,0.37248695712723257,-0.08623959179532834
1.4000000000000001,322.8057644539094,134.49532392023164,50.90968822010661,-5.754953840960215,3.0553051298922016,3.3430864330018357,8.619445706631913,4.242013286687451,4.091554943644906,493.85786073216616,243.04945796560986,234.42882991674048,-0.21289961347940695,0.5119020988771659,0.6483396945501505,-0.016211279280669306,0.37248695712723257,-0.08623959179532834
1.41,322.76940031999135,134.49986115998368,50.84100024775848,-6.914290842516412,3.3545632354261157,1.244681043219487,9.236489912212466,4.072624165859379,3.57444498941938,529.2118894849345,233.34417624672977,204.80061199541467,-0.21289961347940695,0.5119020988771659,0.6483396945501505,-0.016211279280669306,0.37248695712723257,-0.08623959179532834
1.42,322.73012793372567,134.51461149077778,50.76959266431915,-7.487548482051384,3.2890733677003468,-1.3068931297641835,9.530663504495418,3.7970808126900613,3.4162422051167987,546.06679476695,217.5567050372452,195.73626014765824,-0.21289961347940695,0.5119020988771659,0.6483396945501505,-0.016211279280669306,0.37248695712723257,-0.08623959179532834
1.43,322.6878524743083,134.53571110381083,50.69515998424548,-7.30915148612295,2.761282164860365,-4.083864025572583,9.718133329735307,3.5045096580820765,3.401983385294082,556.8080245392507,200.7936126709382,194.9192899509791,-0.21289961347940695,0.5119020988771659,0.6483396945501505,-0.016211279280669306,0.37248695712723257,-0.08623959179532834
1.44,322.6424297206177,134.56075997133385,50.616853285293786,-6.280277928078438,1.7040185565724197,-6.773517851328615,9.892545478033389,3.2139725696752266,3.4476783073958632,566.8011045325406,184.1470637132064,197.53741613259024,-0.21289961347940695,0.5119020988771659,0.6483396945501505,-0.016211279280669306,0.37248695712723257,-0.08623959179532834
1.45,322.5936134758078,134.58888022173787,50.534022228605856,-4.396423339914645,0.10536265890490792,-9.00044123629549,10.08869875131627,2.9347729459921097,3.539576694835717,578.039859229326,168.15010363452296,202.8028058769519,-0.21289961347940695,0.5119020988771659,0.6483396945501505,-0.016211279280669306,0.37248695712723257,-0.08623959179532834
1.46,322.5411515983367,134.61931981963303,50.44590775588648,-1.7691086681523052,-1.9653379373735977,-10.365205324376207,10.333980173366566,2.678721796050493,3.685847079649836,592.093449505775,153.47945340339692,211.1834815945554,-0.21289961347940695,0.5119020988771659,0.6483396945501505,-0.016211279280669306,0.37248695712723257,-0.08623959179532834
1.47,322.4847876387314,134.6508881019283,50.3514718102435,1.3646759138590636,-4.337800421115142,-10.499388046268262,10.661395803399893,2.4652104197233826,3.9086284088685126,610.8529832533014,141.24615266182406,223.94791151310008,-0.21289961347940695,0.5119020988771659,0.6483396945501505,-0.016211279280669306,0.37248695712723257,-0.08623959179532834
1.48,322.42418830549104,134.68163003067954,50.24939546907072,4.651093938707493,-6.733001648806733,-9.132538637638472,11.106942221188993,2.3269668162651307,4.235637248465059,636.3809125697893,133.32537763898608,242.68413788545269,-0.21289961347940695,0.5119020988771659,0.6483396945501505,-0.016211279280669306,0.37248695712723257,-0.08623959179532834
1.49,322.35837588453194,134.70891395075347,50.13862008052198,7.6496576256275155,-8.773528391931134,-6.1625218311098875,11.664933384819259,2.3108292053964656,4.65361302287978,668.3514512513973,132.4007606447871,266.6323856981284,-0.21289961347940695,0.5119020988771659,0.6483396945501505,-0.016211279280669306,0.37248695712723257,-0.08623959179532834
1.5,322.2838583952778,134.72984648330626,50.019846878766586,9.884665261034714,-10.016204010458532,-1.7175726152508766,12.205167659748763,2.4458257712873004,5.023441396805605,699.3045951531682,140.13549411909167,287.8219906682642,-0.21289961347940695,0.5119020988771659,0.6483396945501505,-0.016211279280669306,0.37248695712723257,-0.08623959179532834
1.51,322.1957581456219,134.74176616312275,49.89545799938628,10.913669211088145,-10.011056793384322,3.7991876669966755,12.605544147989422,2.6850548886576817,5.210578717473391,722.2444781456271,153.84231288105434,298.54416933191465,-0.21289961347940695,0.5119020988771659,0.6483396945501505,-0.016211279280669306,0.37248695712723257,-0.08623959179532834
1.52,322.0938476812233,134.74569969233482,49.76551487612617,10.409525374495857,-8.390889395263066,9.700467180510735,12.919042885433452,2.9556965900222263,5.255384666563011,740.2066326838499,169.34894012948274,301.11136111182793,-0.21289961347940695,0.5119020988771659,0.6483396945501505,-0.016211279280669306,0.37248695712723257,-0.08623959179532834
1.53,321.97935646040276,134.7444071376637,49.628225194112396,8.24260372115222,-4.971930700371317,15.06396562352247,13.218181858462415,3.219648937376179,5.212635176179022,757.3460333262873,184.47229562543535,298.66199573649027,-0.21289961347940695,0.5119020988771659,0.6483396945501505,-0.016211279280669306,0.37248695712723257,-0.08623959179532834
1.54,321.8527600843002,134.74016677799023,49.48156453714748,4.539039977956456,0.1466731464633595,18.839196294031073,13.547233540053371,3.4540296927817975,5.099736282604148,776.1993059231316,197.90132370926534,292.19336562295337,-0.21289961347940695,0.5119020988771659,0.6483396945501505,-0.016211279280669306,0.37248695712723257,-0.08623959179532834
1.55,321.71418137004423,134.735459484072,49.32329055757222,-0.2985946007249529,6.504207784803177,20.009368682474165,13.936930769386306,3.6354759304289908,4.91627865517163,798.5273124518505,208.29742733497727,281.6820178515866,-0.21289961347940695,0.5119020988771659,0.6483396945501505,-0.016211279280669306,0.37248695712723257,-0.08623959179532834
1.56,321.56336762056924,134.73373860898496,49.15115441709225,-5.619717428666622,13.249612432218402,17.79473347451643,14.401960678657677,3.7360232902548307,4.665496332333884,825.1715636004517,214.05836669418113,267.31324917649647,-0.21289961347940695,0.5119020988771659,0.6483396945501505,-0.016211279280669306,0.37248695712723257,-0.08623959179532834
1.57,321.39871251720865,134.73989957192782,48.96404960285734,-10.608144725098096,19.188231912175837,11.868181914072407,14.917792066669753,3.7305760398017482,4.38492041240014,854.7265250739189,213.7462622332688,251.23743313129242,-0.21289961347940695,0.5119020988771659,0.6483396945501505,-0.016211279280669306,0.37248695712723257,-0.08623959179532834
1.58,321.2162347411882,134.76037300696902,48.7634575388035,-14.411692125504228,22.92124731621886,2.5425019173354304,15.416888270142131,3.620065297253894,4.1541253322119385,883.3226311038887,207.41446309441992,238.0138491041251,-0.21289961347940695,0.5119020988771659,0.6483396945501505,-0.016211279280669306,0.37248695712723257,-0.08623959179532834
1.59,321.01170014398065,134.80088793575396,48.552066904771806,-16.300225587797645,23.08198185559214,-9.118298638527953,15.858066212246678,3.443613727480056,4.026965482318155,908.6002652007462,197.30453285792083,230.7281263816942,-0.21289961347940695,0.5119020988771659,0.6483396945501505,-0.016211279280669306,0.37248695712723257,-0.08623959179532834
1.6,320.7830793851449,134.86295233137244,48.33039938949124,-15.822948171114817,18.64941482838241,-21.316494007712627,16.261177825692364,3.2492808687949815,3.9958312669002276,931.6968593238931,186.17008023455384,228.94426723979583,-0.21289961347940695,0.5119020988771659,0.6483396945501505,-0.016211279280669306,0.37248695712723257,-0.08623959179532834
1.61,320.5290842116844,134.9452597241004,48.09681524588697,-12.92554267221076,9.285308942685125,-31.705038342355806,16.66127993414771,3.070905165962393,4.036395288134873,954.62102151267,175.94990529456675,231.26841445662006,-0.21289961347940695,0.5119020988771659,0.6483396945501505,-0.016211279280669306,0.37248695712723257,-0.08623959179532834
1.62,320.2476995741705,135.04576355042036,47.84886790400641,-7.9897069316746485,-4.3783294362939476,-37.74330392648815,17.082257935039554,2.9306645193789866,4.129854601385679,978.7412842316272,167.9147081291518,236.62323866208234,-0.21289961347940695,0.5119020988771659,0.6483396945501505,-0.016211279280669306,0.37248695712723257,-0.08623959179532834
1.6300000000000001,319.93547714695666,135.16184739982455,47.58413974183995,-1.7744525035143148,-20.587162304600973,-37.19426174123031,17.532699094992434,2.843093444075634,4.258499396749834,1004.5496616159045,162.89725510684738,243.9940424927726,-0.21289961347940695,0.5119020988771659,0.6483396945501505,-0.016211279280669306,0.37248695712723257,-0.08623959179532834
1.6400000000000001,319.58695713149535,135.29015079303846,47.301135431106935,4.738477013051933,-36.53124371937892,-28.691620479164893,18.00584054017605,2.813650320102421,4.399206886621625,1031.658669537646,161.21028836750182,252.05598780830599,-0.21289961347940695,0.5119020988771659,0.6483396945501505,-0.016211279280669306,0.37248695712723257,-0.08623959179532834
1.6500000000000001,319.19471425875395,135.426760446751,46.99993493487065,10.564894169254783,-48.68590215044726,-12.265806918346378,18.485667371915888,2.8356359409077805,4.525811424693156,1059.1507218934726,162.46997164962391,259.30989350700804,-0.21289961347940695,0.5119020988771659,0.6483396945501505,-0.016211279280669306,0.37248695712723257,-0.08623959179532834
1.6600000000000001,318.75055807714716,135.56784667069803,46.68173494063136,14.9479453339818,-53.42879729839255,10.307049788870732,18.959413198549296,2.8919142286425217,4.620333632581371,1086.2943583215033,165.69448001504747,264.72561708926094,-0.21289961347940695,0.5119020988771659,0.6483396945501505,-0.016211279280669306,0.37248695712723257,-0.08623959179532834
1.67,318.24691624018584,135.71043545799216,46.34767189007146,17.52649241384528,-47.86170691239562,35.46726539488685,19.424480055675435,2.963032894485437,4.679889848163688,1112.9407264262447,169.7692794124477,268.13793688589897,-0.21289961347940695,0.5119020988771659,0.6483396945501505,-0.016211279280669306,0.37248695712723257,-0.08623959179532834
1.68,317.6770079449402,135.85269868043207,45.99824437639052,18.376621418414352,-30.68696047231287,58.240441360579055,19.884429988418887,3.0353209104518153,4.71235044087932,1139.2939163597707,173.9110776366955,269.9977918489978,-0.21289961347940695,0.5119020988771659,0.6483396945501505,-0.016211279280669306,0.37248695712723257,-0.08623959179532834
1.69,317.0341226992868,135.99374001183492,45.633477803289914,17.891246111850286,-2.9286473042760655,73.03296398527958,20.342794554135885,3.1039932754776713,4.728166920145073,1165.5562714537016,177.84571432185885,270.9040093576816,-0.21289961347940695,0.5119020988771659,0.6483396945501505,-0.016211279280669306,0.37248695712723257,-0.08623959179532834
1.7,316.3109324851894,136.1333093989641,45.25325532254975,16.51480579722145,31.729872910048297,74.77302119810463,20.80079496143535,3.1717594039924735,4.734250706101747,1191.7977618072337,181.72842747969815,271.25258461646,-0.21289961347940695,0.5119020988771659,0.6483396945501505,-0.016211279280669306,0.37248695712723257,-0.08623959179532834
1.71,315.4992200371419,136.2717103587085,44.85757862068676,14.410641105234472,67.18097875325275,60.207717781006366,21.258260951078263,3.244610212195788,4.730614365355046,1218.008632284548,185.90247132386511,271.0442376388026,-0.21289961347940695,0.5119020988771659,0.6483396945501505,-0.016211279280669306,0.37248695712723257,-0.08623959179532834
1.72,314.590096826075,136.41012604328506,44.4466401607478,11.188031890194303,95.78438336909512,29.077881112108724,21.715750851418942,3.3263058178190326,4.709927363534211,1244.2208727439295,190.58328473084228,269.8589597436893,-0.21289961347940695,0.5119020988771659,0.6483396945501505,-0.016211279280669306,0.37248695712723257,-0.08623959179532834
1.73,313.57460640906964,136.5515860005946,44.02045483885479,5.832078410521738,109.8417133649747,-15.147317186506793,22.17663478477446,3.4134584854109367,4.66002107425682,1270.6275769705894,195.57676475716497,266.99953999693577,-0.21289961347940695,0.5119020988771659,0.6483396945501505,-0.016211279280669306,0.37248695712723257,-0.08623959179532834
1.74,312.44431179896844,136.702561217219,43.57810651324156,-3.0543787661368116,103.40304089969415,-65.25945549392834,22.647528949298074,3.4928686772654256,4.568643556550978,1297.6078251951315,200.12663360075132,261.7639938900091,-0.21289961347940695,0.5119020988771659,0.6483396945501505,-0.016211279280669306,0.37248695712723257,-0.08623959179532834
1.75,311.1912683484056,136.8749651512746,43.11771138379712,-16.67521069656116,74.00586100113424,-111.18955298332614,23.13430053875905,3.5419724461393964,4.430452950598807,1325.49778285812,202.9400723154157,253.84625540059423,-0.21289961347940695,0.5119020988771659,0.6483396945501505,-0.016211279280669306,0.37248695712723257,-0.08623959179532834
1.76,309.8070989354428,137.08844986869735,42.63908797964829,-35.23548987422146,23.88006201508007,-141.75335412263354,23.632120044080366,3.5336386957545196,4.257123526325675,1354.020739472322,202.46258359084675,243.91521092431137,-0.21289961347940695,0.5119020988771659,0.6483396945501505,-0.016211279280669306,0.37248695712723257,-0.08623959179532834
1.77,308.2820709058564,137.37216390372575,42.14920170220216,-57.137307196607765,-39.79358685794587,-147.01607281709644,24.11755044510882,3.44749413036255,4.084408083512524,1381.8338526985954,197.52686356589814,234.0193449943847,-0.21289961347940695,0.5119020988771659,0.6483396945501505,-0.016211279280669306,0.37248695712723257,-0.08623959179532834
1.78,306.6063706210898,137.7611699017266,41.66339985886368,-78.49146813588264,-105.80034782147212,-120.82376111144623,24.562198963771188,3.2838450577436324,3.9584883620552147,1407.3103361846931,188.15046238360426,226.80467639741798,-0.21289961347940695,0.5119020988771659,0.6483396945501505,-0.016211279280669306,0.37248695712723257,-0.08623959179532834
1.79,304.772343030695,138.28295847081608,41.194985171189636,-93.25431782295729,-160.9293458914841,-62.91824986615054,24.961378684820797,3.064996857916464,3.908626859179616,1430.1816494680452,175.61138417947183,223.94782272246673,-0.21289961347940695,0.5119020988771659,0.6483396945501505,-0.016211279280669306,0.37248695712723257,-0.08623959179532834
1.8,302.7727848703177,138.9463533858701,40.743296501414335,-94.17932768611571,-192.75805131267592,19.95171509610642,25.33979160674007,2.82254582946327,3.9455459104536126,1451.8631128072332,161.71996351049756,226.06312854409384,-0.21289961347940695,0.5119020988771659,0.6483396945501505,-0.016211279280669306,0.37248695712723257,-0.08623959179532834
1.81,300.59797216561816,139.74383992142666,40.29030311791298,-74.54942716266768,-192.5475407145778,114.35824534598424,25.7395794984692,2.590616121757513,4.081410355396372,1474.7692717037455,148.4313701152549,233.8475878252015,-0.21289961347940695,0.5119020988771659,0.6483396945501505,-0.016211279280669306,0.37248695712723257,-0.08623959179532834
1.82,298.234577487593,140.65591652598172,39.80011485147482,-30.38255407165,-157.50437118415596,202.107150290253,26.212376422402798,2.411480821507011,4.341005200663932,1501.8585400119084,138.16767344909232,248.72127684238433,-0.21289961347940695,0.5119020988771659,0.6483396945501505,-0.016211279280669306,0.37248695712723257,-0.08623959179532834
1.83,295.66230765636226,141.64661459378374,39.227228771518966,37.43897898023305,-91.76009862312142,263.51648757094574,26.791475665844064,2.344828485628035,4.73728554367976,1535.038482580312,134.3487759085386,271.42646800118786,-0.21289961347940695,0.5119020988771659,0.6483396945501505,-0.016211279280669306,0.37248695712723257,-0.08623959179532834
1.84,292.83765205033916,142.64541772908052,38.56894869216545,121.78592630636882,-5.716088496076964,281.48128014471297,27.389851547595256,2.4530879127304144,5.16719074178182,1569.3228951670744,140.55158417400915,296.0582214431714,-0.21289961347940695,0.5119020988771659,0.6483396945501505,-0.016211279280669306,0.37248695712723257,-0.08623959179532834
1.85,289.6831295984441,143.53036317781317,37.92595687177707,209.24923768227887,86.16674291868374,245.49101250852493,27.818731997417988,2.7223302766580457,5.424429785677242,1593.8959348575893,155.9780352931878,310.79693298435967,-0.21289961347940695,0.5119020988771659,0.6483396945501505,-0.016211279280669306,0.37248695712723257,-0.08623959179532834
1.86,286.1677026849742,144.24424581387186,37.3699653845127,281.79337489958243,168.6191638306658,154.6928725281274,28.089978108886086,3.062423465993539,5.505233730764375,1609.4371922540463,175.46393968325518,315.4266580058592,-0.21289961347940695,0.5119020988771659,0.6483396945501505,-0.016211279280669306,0.37248695712723257,-0.08623959179532834
1.87,282.3035736258541,144.84150047581412,36.886590583424066,320.0082501445224,229.00764445838809,19.204056077235435,28.29830862462214,3.421428865680829,5.486342740304384,1621.3736515495061,196.03343390774413,314.34428398167984,-0.21289961347940695,0.5119020988771659,0.6483396945501505,-0.016211279280669306,0.37248695712723257,-0.08623959179532834
1.8800000000000001,278.0958434856779,145.37930318035723,36.442967362307684,307.37861384395774,260.0265001454375,-140.76529903434724,28.505277788492148,3.778166674780038,5.3886836432973375,1633.232111128609,216.4730047618725,308.7488298921174,-0.21289961347940695,0.5119020988771659,0.6483396945501505,-0.016211279280669306,0.37248695712723257,-0.08623959179532834
1.8900000000000001,273.5454348276857,145.90205553939677,35.98556417684954,234.6231473317818,260.89246620110896,-297.94993940664597,28.77828865318594,4.114668987905797,5.180116542197887,1648.8744814367803,235.75316710036816,296.7988152538406,-0.21289961347940695,0.5119020988771659,0.6483396945501505,-0.016211279280669306,0.37248695712723257,-0.08623959179532834
1.9000000000000001,268.65824080802076,146.45251382930127,35.39704356768504,103.0024541564367,236.70383687947563,-422.731652784755,29.270378347939516,4.39702996495458,4.726485815546338,1677.0691440880414,251.9312593844537,270.8076891592541,-0.21289961347940695,0.5119020988771659,0.6483396945501505,-0.016211279280669306,0.37248695712723257,-0.08623959179532834
1.9100000000000001,263.48092593880665,147.10898708508896,34.37680496413137,-74.3699824769302,196.16170286193886,-488.62462486452614,30.45994989351638,4.525521196323719,3.5640268766584056,1745.22657307845,259.29326464634437,204.20369810371946,-0.21289961347940695,0.5119020988771659,0.6483396945501505,-0.016211279280669306,0.37248695712723257,-0.08623959179532834
1.92,258.21452811286275,148.07989994249175,32.42365623632566,-273.75892533579537,148.33912500457012,-477.4679389225282,31.84494248026788,4.238363453590669,2.206647318262627,1824.5808029562172,242.84033793323707,126.43157821030988,-0.21289961347940695,0.5119020988771659,0.6483396945501505,-0.016211279280669306,0.37248695712723257,-0.08623959179532834
1.93,253.32158883669211,150.50047483804988,29.692800874845116,-464.51150483491136,99.50223750840823,-383.28116639497364,31.40473910727988,3.9412517633637547,2.721370763808561,1799.359007556582,225.8170920392366,155.92305925652374,-0.21289961347940695,0.5119020988771659,0.6483396945501505,-0.016211279280669306,0.37248695712723257,-0.08623959179532834
1.94,247.80811606361252,152.43330646809076,26.781453301075416,-614.5651466563501,50.86007901691023,-214.0667679168444,31.299504124022288,3.5790108254920154,2.8461767220739005,1793.3294871587918,205.06221513232526,163.07391392321358,-0.21289961347940695,0.5119020988771659,0.6483396945501505,-0.016211279280669306,0.37248695712723257,-0.08623959179532834
1.95,241.80995385257378,154.26578215112818,23.74942368405933,-696.5702456253966,-1.7188046444726837,8.83996567640554,31.226894879346425,3.2191697570382285,2.90196087255456,1789.169283885232,184.44484061444513,166.27011030947807,-0.21289961347940695,0.5119020988771659,0.6483396945501505,-0.016211279280669306,0.37248695712723257,-0.08623959179532834
1.96,235.3334112798546,156.02710026267718,20.603402994214637,-693.3153076109679,-66.23935653091033,253.73045846160264,31.14306999435044,2.868986209206678,2.929681419547043,1784.3664717567929,164.3808012687797,167.8583806579414,-0.21289961347940695,0.5119020988771659,0.6483396945501505,-0.016211279280669306,0.37248695712723257,-0.08623959179532834
1.97,228.37342704625274,157.68388791452443,17.34687720995907,-601.1834759715402,-151.42277811817235,483.28297184358235,31.030503139275012,2.5327420607265037,2.933232167278697,1777.91686604791,145.11543067489552,168.06182351708082,-0.21289961347940695,0.5119020988771659,0.6483396945501505,-0.016211279280669306,0.37248695712723257,-0.08623959179532834
1.98,220.92921725759683,159.20926284203944,13.981722047981314,-430.8671056050176,-262.7635071399087,660.2892167338979,30.867918034321445,2.215430215244571,2.9010924179113227,1768.601425722379,126.93480113927346,166.22035152372203,-0.21289961347940695,0.5119020988771659,0.6483396945501505,-0.016211279280669306,0.37248695712723257,-0.08623959179532834
1.99,213.0021525178699,160.61737044811332,10.508605055123834,-205.17328373293546,-398.87634315220066,753.4176976668238,30.607895329287064,1.9248132488835525,2.792718355206917,1753.703222146334,110.28367551189167,160.01097512207343,-0.21289961347940695,0.5119020988771659,0.6483396945501505,-0.016211279280669306,0.37248695712723257,-0.08623959179532834
2.0,204.5944481861388,162.00504708041916,6.927066413259983,45.589306700084336,-549.2293505824314,742.087805897402,30.084237430133754,1.6739956016503497,2.450390235102494,1723.699834616162,95.91288289802802,140.39701863144245,-0.36640872286893245,-1.8944324811446873,-3.1152149724038023,-0.09632420730491961,0.28279206935679324,-0.3155904122812502
